,Title,ReplyIndex,CrawlingTime,Content,Like,Hate
0,"강남 부자부터 '아미'까지…이 주식 사겠다고 '100조' 몰린…SK바이오팜, 카카오게임즈로 시작된 대형 공모주에 대한 관심이 빅히트엔터테인먼트로 쏠리고 있다. 일반 공모주 청약이 일…",1,2020-09-28 15:27,아미에서 니미되는거 주식에선 한순간..,553,20
1,"강남 부자부터 '아미'까지…이 주식 사겠다고 '100조' 몰린…SK바이오팜, 카카오게임즈로 시작된 대형 공모주에 대한 관심이 빅히트엔터테인먼트로 쏠리고 있다. 일반 공모주 청약이 일…",2,2020-09-28 15:27,주가 부풀리기....이런 기사 믿는 사람 바보...군대 가거나 그룹 해체되면 빅히트 주가 어떻게 될려나????,106,9
2,"강남 부자부터 '아미'까지…이 주식 사겠다고 '100조' 몰린…SK바이오팜, 카카오게임즈로 시작된 대형 공모주에 대한 관심이 빅히트엔터테인먼트로 쏠리고 있다. 일반 공모주 청약이 일…",3,2020-09-28 15:27,잘했다 국민전체가 노름판의로 몰아서 세그 팍팍 거들라고 하는구나 카지노 경마 모든게중지되니까 세금거둘때는 주식밖에없다 허나 폭망 개박살날거다 개미들이 큰일이구나 한강은 가지말고 넥타이메지마라,44,8
3,"강남 부자부터 '아미'까지…이 주식 사겠다고 '100조' 몰린…SK바이오팜, 카카오게임즈로 시작된 대형 공모주에 대한 관심이 빅히트엔터테인먼트로 쏠리고 있다. 일반 공모주 청약이 일…",4,2020-09-28 15:27,"100조 안몰리면 기자 너는 책임지고 손가락을 걸어라, 투기를 부채질 하는 나쁜 사람아",33,6
4,"강남 부자부터 '아미'까지…이 주식 사겠다고 '100조' 몰린…SK바이오팜, 카카오게임즈로 시작된 대형 공모주에 대한 관심이 빅히트엔터테인먼트로 쏠리고 있다. 일반 공모주 청약이 일…",5,2020-09-28 15:27,따상가면 30만원이네..이게 말이되나. YG.Sm.jyp 합친것보다 높다. 미친거지,40,19
5,"강남 부자부터 '아미'까지…이 주식 사겠다고 '100조' 몰린…SK바이오팜, 카카오게임즈로 시작된 대형 공모주에 대한 관심이 빅히트엔터테인먼트로 쏠리고 있다. 일반 공모주 청약이 일…",6,2020-09-28 15:27,상장하고 며칠뒤에 폭포수 맞고 욕할 사람들 많을것 같네 ㅋㅋ,9,0
6,"강남 부자부터 '아미'까지…이 주식 사겠다고 '100조' 몰린…SK바이오팜, 카카오게임즈로 시작된 대형 공모주에 대한 관심이 빅히트엔터테인먼트로 쏠리고 있다. 일반 공모주 청약이 일…",7,2020-09-28 15:27,방탄소년단중 하나만 까딱 실수하면서 주식 폐지감인데,7,0
7,"강남 부자부터 '아미'까지…이 주식 사겠다고 '100조' 몰린…SK바이오팜, 카카오게임즈로 시작된 대형 공모주에 대한 관심이 빅히트엔터테인먼트로 쏠리고 있다. 일반 공모주 청약이 일…",8,2020-09-28 15:27,그런 가치가 있을까...가수 인기야 1년만 지나도 망각이고...비틀즈처럼 작곡하는 것도아니고 스웨덴에서 노래 사서 노래만 부르는거고...있는거는 기획력인데 백프로 성공한다는 보장도 없고,6,0
8,"강남 부자부터 '아미'까지…이 주식 사겠다고 '100조' 몰린…SK바이오팜, 카카오게임즈로 시작된 대형 공모주에 대한 관심이 빅히트엔터테인먼트로 쏠리고 있다. 일반 공모주 청약이 일…",9,2020-09-28 15:27,거품의 끝판왕,6,0
9,"강남 부자부터 '아미'까지…이 주식 사겠다고 '100조' 몰린…SK바이오팜, 카카오게임즈로 시작된 대형 공모주에 대한 관심이 빅히트엔터테인먼트로 쏠리고 있다. 일반 공모주 청약이 일…",10,2020-09-28 15:27,매출이나 순익을 근거로 시총이 적정한지 판단하긴 해야합니다. 하지만 모바일 앱으로 전셰로 뻗어 나가는 확장성 때문에 쉽사리 거품이다라고 단정지을순 없다는거죠. 주식 급하게 할 필요 없습니다. 워렌 버핏도 16년도가 돼서야 애플 주식 샀습니다. 빅히트도 충분히 매출과 순이익이 검증되고 난 뒤 들어가도 충분합니다. 요즘 다들 마음이 너무 급한 분들이 많은 것 같습니다.,6,1
10,"강남 부자부터 '아미'까지…이 주식 사겠다고 '100조' 몰린…SK바이오팜, 카카오게임즈로 시작된 대형 공모주에 대한 관심이 빅히트엔터테인먼트로 쏠리고 있다. 일반 공모주 청약이 일…",11,2020-09-28 15:27,사면바보됨,5,0
11,"강남 부자부터 '아미'까지…이 주식 사겠다고 '100조' 몰린…SK바이오팜, 카카오게임즈로 시작된 대형 공모주에 대한 관심이 빅히트엔터테인먼트로 쏠리고 있다. 일반 공모주 청약이 일…",12,2020-09-28 15:27,왜 주식배정을 기관투자자들한테 왕창 줄까요??? 그래 돈 빼먹고 개미들 가꼬 노는건가??? 기관 일반 똑같이 청약해야지 왜 기관은 따로 하는지?? 너무하는거 아니냐??,3,0
12,"강남 부자부터 '아미'까지…이 주식 사겠다고 '100조' 몰린…SK바이오팜, 카카오게임즈로 시작된 대형 공모주에 대한 관심이 빅히트엔터테인먼트로 쏠리고 있다. 일반 공모주 청약이 일…",13,2020-09-28 15:27,그래도 한국멤버는 군대는 가야...,3,1
13,"강남 부자부터 '아미'까지…이 주식 사겠다고 '100조' 몰린…SK바이오팜, 카카오게임즈로 시작된 대형 공모주에 대한 관심이 빅히트엔터테인먼트로 쏠리고 있다. 일반 공모주 청약이 일…",14,2020-09-28 15:27,거품을 만들어 돈 벌겠다고 난리치네. 언론이 더 나쁘다. 이런 거품주는 결국 오래 못가서 조정시에 폭락하여 제 가격을 찾아갈 것이고 손해는 고스라니 개미 몫이다. 아이돌 연예계 특성이 짧은 인기 바람인데 테마주 이상 의미가 있나?,3,1
14,"강남 부자부터 '아미'까지…이 주식 사겠다고 '100조' 몰린…SK바이오팜, 카카오게임즈로 시작된 대형 공모주에 대한 관심이 빅히트엔터테인먼트로 쏠리고 있다. 일반 공모주 청약이 일…",15,2020-09-28 15:27,거품,2,0
15,"강남 부자부터 '아미'까지…이 주식 사겠다고 '100조' 몰린…SK바이오팜, 카카오게임즈로 시작된 대형 공모주에 대한 관심이 빅히트엔터테인먼트로 쏠리고 있다. 일반 공모주 청약이 일…",16,2020-09-28 15:27,개거품문다 이주식갖고있으면방탄말고 뭐가있냐방탄도군대가면 끝물인디,2,0
16,"강남 부자부터 '아미'까지…이 주식 사겠다고 '100조' 몰린…SK바이오팜, 카카오게임즈로 시작된 대형 공모주에 대한 관심이 빅히트엔터테인먼트로 쏠리고 있다. 일반 공모주 청약이 일…",17,2020-09-28 15:27,차라리 일본같은 안정적인 시장 확보하고 그룹이나 아티스트 키우는 것도 안정화 되있으면서 수익구조 탄탄한 JYP 엔터가 낫지빅히트가 진짜인지 평가받을 시점은 방탄이 어느정도 빠지고 그 후속그룹들이 얼마나 받쳐줄지 알 수 있을 타이밍이라고 생각한다,2,0
17,"강남 부자부터 '아미'까지…이 주식 사겠다고 '100조' 몰린…SK바이오팜, 카카오게임즈로 시작된 대형 공모주에 대한 관심이 빅히트엔터테인먼트로 쏠리고 있다. 일반 공모주 청약이 일…",18,2020-09-28 15:27,주식 뉴스 적당히 올려라,2,0
18,"강남 부자부터 '아미'까지…이 주식 사겠다고 '100조' 몰린…SK바이오팜, 카카오게임즈로 시작된 대형 공모주에 대한 관심이 빅히트엔터테인먼트로 쏠리고 있다. 일반 공모주 청약이 일…",19,2020-09-28 15:27,쳐다보지도 마라. 여론몰이에 물리면 죽는다. 가격이 너무 높아. 절반 가격까지 하락을 기다린 후에 천천히 매입해...,2,0
19,"강남 부자부터 '아미'까지…이 주식 사겠다고 '100조' 몰린…SK바이오팜, 카카오게임즈로 시작된 대형 공모주에 대한 관심이 빅히트엔터테인먼트로 쏠리고 있다. 일반 공모주 청약이 일…",20,2020-09-28 15:27,나중에 고가 대비 반값은 한번 거품 빠지면서 온다. 그때가 매수 타이밍.,2,0
20,개미들 `증시 방어력` 비상 걸렸다…추석연휴 이후 영향력 …,1,2020-09-28 15:27,10억원에서 3억원이라...... 증시 부양 보다는 대주주 요건 강화로 세금 뜯어 갈 궁리만 하는 문제인 정부!!!,945,29
21,개미들 `증시 방어력` 비상 걸렸다…추석연휴 이후 영향력 …,2,2020-09-28 15:27,NO JAIN NO PAIN,560,33
22,개미들 `증시 방어력` 비상 걸렸다…추석연휴 이후 영향력 …,3,2020-09-28 15:27,아파트 한채도 못 사는 3억이 대주주면 삼성가서 3억 넣으면 임원하나? 진짜 거지같은 정책만 만드네,490,8
23,개미들 `증시 방어력` 비상 걸렸다…추석연휴 이후 영향력 …,4,2020-09-28 15:27,해도 해도 너무하는 정권이 문재앙 정권이다. 안 오르는 세금이 없다. 오로지 세금수탈에만 혈안이 된 정권이다. 국고탕진과 세금폭탄이 무한반복되는 정권이다. 빨리 탄핵해야 국민들이 산다,351,12
24,개미들 `증시 방어력` 비상 걸렸다…추석연휴 이후 영향력 …,5,2020-09-28 15:27,옛날 기준 10억이 대주주면 화폐가치도 떨어지고 시대도 변했으니 10억에서 3억으로 줄일 것이 아니라 10억에서 15억으로 상향해야지~ 뭔 일을 꺼꾸로 하나?,263,2
25,개미들 `증시 방어력` 비상 걸렸다…추석연휴 이후 영향력 …,6,2020-09-28 15:27,비정상이 일반화된 세상 . 당해들 봐라,68,5
26,개미들 `증시 방어력` 비상 걸렸다…추석연휴 이후 영향력 …,7,2020-09-28 15:27,국민이 주식으로 돈버는걸 용납 못하는 정부...............공산정부,45,0
27,개미들 `증시 방어력` 비상 걸렸다…추석연휴 이후 영향력 …,8,2020-09-28 15:27,다음대통령은 잘뽑아야지.,44,1
28,개미들 `증시 방어력` 비상 걸렸다…추석연휴 이후 영향력 …,9,2020-09-28 15:27,3억이 대주주 요건이라는 정책은 정말 정말 말도안되는정책이라 생각합니다. 당장 취소해주세요.이게 뮙니까?,41,1
29,개미들 `증시 방어력` 비상 걸렸다…추석연휴 이후 영향력 …,10,2020-09-28 15:27,대출로 주식하는걸 막는건 찬성한다. 하지만 3억 대주주라는건 너무 어이없지 않나? 제정신인 자가 할 수 있는 정책이 아니다.,32,0
30,개미들 `증시 방어력` 비상 걸렸다…추석연휴 이후 영향력 …,11,2020-09-28 15:27,경기침체상황에서 10->20억해도 투자가 활성화되 경제가 되살아날지도 모를판국에 10->3억? 아주 기업이고 국민이고 다 죽으라는거네? 와 이건 진짜 사회주의 목적아니고선 할수없는 발상인데.. 2년안에 사회주의가속화되겟네. 대선도 조작하겟네 이제,20,0
31,개미들 `증시 방어력` 비상 걸렸다…추석연휴 이후 영향력 …,12,2020-09-28 15:27,"ㅋㅋ 신용대출옥죄고, 기관 매도 때리고, 3억대주주 요건 강화시키고 ㅋㅋ 누가봐도 개미들 못털어서 환장한 기관 정부놈들의 합작품. 공정한 정부? 개솔작작. 세금만 빨아먹는 정부겠지",17,0
32,개미들 `증시 방어력` 비상 걸렸다…추석연휴 이후 영향력 …,13,2020-09-28 15:27,연말에 개인이 던지면 기관이 덥석 받아먹겠지 머 그 이후론 주구장창 던지면 개인이 또 받아주고 ㅋ,17,3
33,개미들 `증시 방어력` 비상 걸렸다…추석연휴 이후 영향력 …,14,2020-09-28 15:27,3억 대주주로... 로비 걸고...뒤에서 기재부랑 개관들 얼마나 뒷거래 하고 있을지..기재부야 국민들 돈 뜯는데만 집착하는 철밥통들이고,12,1
34,개미들 `증시 방어력` 비상 걸렸다…추석연휴 이후 영향력 …,15,2020-09-28 15:27,팔라고 꼬시는거 보니 꽉 쥐고 있어야겠네,12,2
35,개미들 `증시 방어력` 비상 걸렸다…추석연휴 이후 영향력 …,16,2020-09-28 15:27,3억이 대주주라니.. 이나라는 도대체 상식이 통하는 나라인가.,10,0
36,개미들 `증시 방어력` 비상 걸렸다…추석연휴 이후 영향력 …,17,2020-09-28 15:27,잘가다가 너무 오르니 또 이런기사 안나오나했다,13,4
37,개미들 `증시 방어력` 비상 걸렸다…추석연휴 이후 영향력 …,18,2020-09-28 15:27,더 웃긴건 개인 3 억이 아니라 가족 3 억이란다 ㅋㅋㅋㅋㅋㅋㅋㅋㅋㅋㅋ,9,0
38,개미들 `증시 방어력` 비상 걸렸다…추석연휴 이후 영향력 …,19,2020-09-28 15:27,대주주 요건 3억 말이되냐 ..... ㅡㅡ 돈값어치는 점점 없어지는데 대주주요건을 올리진 못할망정,8,1
39,개미들 `증시 방어력` 비상 걸렸다…추석연휴 이후 영향력 …,20,2020-09-28 15:27,솔직히 무금리 믿고 신용대출 무작정하는 것도 제정신은 아니지. 주식은 자기 소득 능력 내에서 해야하는 것,7,1
40,돈 한푼 없이 집 산다···전세가 폭등에 고개든 '무갭투자…,1,2020-09-28 15:27,3개월전 김현미말고 동네 부동산 아줌마도 다 예상했던 시나리오,447,7
41,돈 한푼 없이 집 산다···전세가 폭등에 고개든 '무갭투자…,2,2020-09-28 15:27,꼬우면 니들도 해ㅋㅋㅋㅋ 저것도 집값떨어지면 손핸데 니들은 어차피 집값 폭락한다며ㅋㅋㅋㅋ 실행할 배짱도 판단력도 없는 무주택자들 어떤 기회가 와도 못 잡음,178,37
42,돈 한푼 없이 집 산다···전세가 폭등에 고개든 '무갭투자…,3,2020-09-28 15:27,돈버는놈은 용감한거고 그만큼 리스크 감당하고 해서 벌었는건데 정작 부동산이 어쩌고 저쩌고하는 애들보면 니들이 능력없고 투자안하고 대출 안내서 빚안내고 살아보겠다고 하면서 무능력한거지 갭투자든 몇년 모은 돈으로 대출끼고 사서 돈벌었으면 니들도 위너일텐데 왜 멍청하게 있다가 이제와서 루저티내니???? 응???,111,15
43,돈 한푼 없이 집 산다···전세가 폭등에 고개든 '무갭투자…,4,2020-09-28 15:27,"결국 갭투자는 전세기반이라, 대출 옥죄면 전세가 오르고 다시 갭투자 시작되는건 당연한 수순.. 겨우 매매가 전세가 벌어져서 갭투자 잠잠해 졌었는데, 정부가 갭투자 적극장려한 꼴.. 누구나 생각했던 일인데 과연 정부는 몰랐을까? 증세가 목적이지 집값 잡는게 목적이 아녀..",98,6
44,돈 한푼 없이 집 산다···전세가 폭등에 고개든 '무갭투자…,5,2020-09-28 15:27,2015년도에 이렇게 전세가가 폭등해서 집값 잡아먹다가 집값이 폭등하기 시작했지,72,28
45,돈 한푼 없이 집 산다···전세가 폭등에 고개든 '무갭투자…,6,2020-09-28 15:27,ㅋㅋㅋ..사라고 부추기네.,15,0
46,돈 한푼 없이 집 산다···전세가 폭등에 고개든 '무갭투자…,7,2020-09-28 15:27,캡투자로 돈 버는 것두 능력일듯!,26,12
47,돈 한푼 없이 집 산다···전세가 폭등에 고개든 '무갭투자…,8,2020-09-28 15:27,도랏구나... 건물되 팔때들어가는비용 그리고 집값오르지않음 죄다 마이너스임 능력이아니라 멍청한것,12,1
48,돈 한푼 없이 집 산다···전세가 폭등에 고개든 '무갭투자…,9,2020-09-28 15:27,"무주택자는 월세 살라고 임대차3법 통과시킨 민주당 책임이다. 그때 전월세 폭등 할거라고 그렇게 사람들이 외쳤지만 비웃고 조롱하고 희희락락 하던 게 민주당이다. 그에 동조해서 함께 박수치던 무주택자들도 공범이고. 삼척동자도 예상할 수 있던 상황이다. 문재인 대통령과 김현미 장관의 무능과 그리고 강남 서초 사는 국토부 기재부 공무원들의 수작, 그리고 멍청한 민주당의 합작품이다.",11,0
49,돈 한푼 없이 집 산다···전세가 폭등에 고개든 '무갭투자…,10,2020-09-28 15:27,그럴꺼 같더라,10,1
50,돈 한푼 없이 집 산다···전세가 폭등에 고개든 '무갭투자…,11,2020-09-28 15:27,임대차 3법이잘못 된 것이다,7,1
51,돈 한푼 없이 집 산다···전세가 폭등에 고개든 '무갭투자…,12,2020-09-28 15:27,왜? 또? 부동산 애기는..쏙 사라졌을까요?나라에서 지금..바로 잡는거 맞줘?김현미 장관님 요즘은 왜? 대책이 안나오죠?박근혜대통령때..빛내서 집사라해서..정신나간 소리만 하네..했는데..돈이 있어도..박근혜대통령은 거짓말쟁이..알지도 못하면서..하며 비웃던 내가..바보 였네요..그때살걸..인상좋고.거짓말 안하게 생긴..지금 대통녕님 믿은게..ㅜㅜ 진짜..내가 바보입니다..,5,0
52,돈 한푼 없이 집 산다···전세가 폭등에 고개든 '무갭투자…,13,2020-09-28 15:27,가격폭락으로 빚더미에 길바닥 나앉으려고 환장하네!부추기지마라 기러기들아!능력안되면 사지 말아야지 자꾸 부추겨 가계 부실유도하니? 아님 부동산 가격 올리려 환장하나!,10,6
53,돈 한푼 없이 집 산다···전세가 폭등에 고개든 '무갭투자…,14,2020-09-28 15:27,그러다 훅간다,5,1
54,돈 한푼 없이 집 산다···전세가 폭등에 고개든 '무갭투자…,15,2020-09-28 15:27,미친정권에 미친여자들이 나라를 망하는길로 안내하고 문신도들은 돌아다니면서 주둥이 나오는데로 씨버리고 다닌다 하지만 김정은앞에만 서면 길들인순한양,4,0
55,돈 한푼 없이 집 산다···전세가 폭등에 고개든 '무갭투자…,16,2020-09-28 15:27,전세금은 돌려줘야하는돈이라는것을 잊어서는 안된다,4,0
56,돈 한푼 없이 집 산다···전세가 폭등에 고개든 '무갭투자…,17,2020-09-28 15:27,꼴통이 정권 잡고 있으니 이런일이 가능하지,4,1
57,돈 한푼 없이 집 산다···전세가 폭등에 고개든 '무갭투자…,18,2020-09-28 15:27,집살 타이밍 알려준다 잠실8단지 주공아파트는 석촌역 싱크홀어쩌고 롯데타워 어쩌고 석촌호수 지하수위가 낮아지네 어쩌고할때 사는거고 헬리오시티는 가락시영 재건축사업 막아서 지지부진할때 그때 사는거고 구리 싱크홀난 아파트는 지금 사는거고 지금처럼 너나할거없이 사야한다 아줌니들이 아파트어쩌고 개나소나 얘기한다? 지금은 고점이야 그니까 잘기억해두고 정권은 필히 바뀌고 부동산은 오르면 떨어지게 되어있어 남들 안살때 사는거야 ㅉㅉ 그러니 평생 대깨문이지 ㅉ,4,1
58,돈 한푼 없이 집 산다···전세가 폭등에 고개든 '무갭투자…,19,2020-09-28 15:27,현 정권이 하는 짓은 뭐든 이 모양이다. 제대로 할 줄 아는게 없다. 근데 이번에 북괴에 의한 공무원 피살 시신훼손 사건에서 보여준 국민생명 방치 외면은 국가원수로서 국정최고책임자로서의 책임과 의무를 포기한 자들이다. 이들 모두는 현직에서 끌어내려야한다.,3,0
59,돈 한푼 없이 집 산다···전세가 폭등에 고개든 '무갭투자…,20,2020-09-28 15:27,부동산 가격이 떨어질 거라고 .. 생각하는 사람이 아직도 있나.. ?,3,1
60,서울 아파트값 평균 10억원 시대…2년 만에 2억2천만원 '껑…,1,2020-09-28 15:27,아무리 기사 쓰면 뭐해 국토부장관이랑 대통령은 얼마 안올랐다는데.,243,3
61,서울 아파트값 평균 10억원 시대…2년 만에 2억2천만원 '껑…,2,2020-09-28 15:27,나라가 3년만에 이렇게 잘못 될 수도 있다.,145,6
62,서울 아파트값 평균 10억원 시대…2년 만에 2억2천만원 '껑…,3,2020-09-28 15:27,좌파정권의 한계는 다 드러났다 그래도 좌파는 뻔뻔하게 얼굴 디밀고 남탓으로 돌린다 한심한 것들,73,1
63,서울 아파트값 평균 10억원 시대…2년 만에 2억2천만원 '껑…,4,2020-09-28 15:27,좌파가 정권잡으면 집값오른다는 사실은 역사가 증명하지.,53,0
64,서울 아파트값 평균 10억원 시대…2년 만에 2억2천만원 '껑…,5,2020-09-28 15:27,그래도 사료 몇개 던져주면 고맙다고 표주는 개돼지들이 널렸으니 .. 희망이 없다.,21,0
65,서울 아파트값 평균 10억원 시대…2년 만에 2억2천만원 '껑…,6,2020-09-28 15:27,은평구 은평뉴타운 33형이 12억(물론 호가)임. 참고로 박그네 시절 6억 미만.,16,1
66,서울 아파트값 평균 10억원 시대…2년 만에 2억2천만원 '껑…,7,2020-09-28 15:27,"문통 되고 2배 이상 급증한 곳도 다수입니다. 강남은 11억 짜리가 보통 30억대로 올랐구요. ㅋㅋ 그저 웃지요. 부자된 사람들은 문재인 욕하고 있는데,,오히려 자기들 상대적으로 빈곤하게 만든 계층은 .. 문재인 잘한다. 김현미 잘한다.. 약발 먹힌다. ㅋㅋㅋ 그저 웃지요.",15,0
67,서울 아파트값 평균 10억원 시대…2년 만에 2억2천만원 '껑…,8,2020-09-28 15:27,서울 뿐이겠나요.... 수도권도 엄청 올랐습니다. 젊은이들 어떻게 내집 장만할지 걱정입니다. 평새 집장만 못할듯합니다.,13,1
68,서울 아파트값 평균 10억원 시대…2년 만에 2억2천만원 '껑…,9,2020-09-28 15:27,이런거 보면 깝깝하다. 얼마나 정책을 엿같이 하면 이렇게 될 수가 있는지.. 딴거 잘해도 소용없다. 가장 생활에 밀접한 주택가격이 이정도면 실패한 정권이라고 봐야지..,12,1
69,서울 아파트값 평균 10억원 시대…2년 만에 2억2천만원 '껑…,10,2020-09-28 15:27,매년 최저임금 오르고 물가 오르고 돈에 대한 가치가 떨어지니 당연히 집값도 오르죠..,10,2
70,서울 아파트값 평균 10억원 시대…2년 만에 2억2천만원 '껑…,11,2020-09-28 15:27,"아직도 떨어졌다는 깨문이들은 전세도 안살아본 고시원,원룸에만 사는 하층민들 인증이지 ㅋ",8,1
71,서울 아파트값 평균 10억원 시대…2년 만에 2억2천만원 '껑…,12,2020-09-28 15:27,역적 5인방1.문통2.김현미(국토부장관)3.조국4.추미애(법무부장관)5.이해찬,8,1
72,서울 아파트값 평균 10억원 시대…2년 만에 2억2천만원 '껑…,13,2020-09-28 15:27,"자~~알한다. 집값 쳐 올리고, 전세값은 더 쳐올리고. 그러고도 달나라 같은 소리. 왜 이렇게 못살게구냐 ㅡ 세입자는 세입자대로 임대인은 임대인대로 ㅡ 정말 대단한 달나라 재주일세 ㅉㅉ",7,0
73,서울 아파트값 평균 10억원 시대…2년 만에 2억2천만원 '껑…,14,2020-09-28 15:27,이정부의 무능의 끝은 어디인지 가늠도 안된다. 임대인도 임차인도 매수자도 매도자도 모두 힘들고 짜증나.,7,0
74,서울 아파트값 평균 10억원 시대…2년 만에 2억2천만원 '껑…,15,2020-09-28 15:27,"평균아파트값은 10억인데 디딤돌대출은 5억이상 아파트 불가능하여 서민들은 집을 살수 없다..우린 노예다.부자한테도 휘둘리고,정부에게도 휘둘리고,세금은 왕창 뜯기고, 물론, 부자보다 내는 금액은 많지 않다.그러나. 비율로 따지면, 우리내 삶은 여윳돈이 없다.참..대단한 정부다..최저임금 취지 좋다.그런데 부동산가격은 그들이 원하는대로 국민눈을 가리고 폭등시켜놓고, 관련 대출과 세제는 그대로 두었다. 폭등하는 세금과.집을 살수 없는 서민, 현금부자는 줍줍하고, 이익을 향유한다.대한민국이라는 감옥.",6,0
75,서울 아파트값 평균 10억원 시대…2년 만에 2억2천만원 '껑…,16,2020-09-28 15:27,"문죄인, 김현미야 32평 아파트가 평균 10억이라니 앞으로 세금 걷어들일 생각하면 좋아서 잠도 안오겠다!",6,0
76,서울 아파트값 평균 10억원 시대…2년 만에 2억2천만원 '껑…,17,2020-09-28 15:27,결국 집없는 서민들만 죽어나는거지,6,0
77,서울 아파트값 평균 10억원 시대…2년 만에 2억2천만원 '껑…,18,2020-09-28 15:27,이게다 문재인 대통령님 덕분입니다. 기존에 아파트 보유하고 계시던분들은 돈벌어서 좋고 집없던 사람은 앞으로 집사기 더 힘들어저서 좌파여당을 더 지지할태고 그럼 좌파여당에게는 지지율 도움에도 좋고 일석이조 입니다.,5,1
78,서울 아파트값 평균 10억원 시대…2년 만에 2억2천만원 '껑…,19,2020-09-28 15:27,"집값은 안정되어있다 ,》》》김현미",4,0
79,빠르게 늙는 대한민국…2025년에 10명 중 2명이 65세 이상,1,2020-09-28 15:27,ㅋㅋㅋㅋ이제 헬게이트 열린다 봐라 지금 20~30대가 위에 사람 다 먹여 살려야한다,301,22
80,빠르게 늙는 대한민국…2025년에 10명 중 2명이 65세 이상,2,2020-09-28 15:27,"이런데도 정부는, 정부재정 부어서 출산,육아 지원금명목으로 몇십조 뿌려먹기나 했지 정작 효과있는 정책은 하나도 없었지. 출산율은 0%대이고, 나도 30대 맞벌이 부부지만, 심각하게 딩크족 고민중이다. 부모님들께는 죄송하지만 사회가 점점 이렇게 만드네. 조두순같은애들도 돌아다닐테고, 조국아빠 추미애엄마 같은 빽을 못대줄 나로썬 애한테 죄짓는거아닌가싶고. 이상기온이며, 기후변화에 코로나 등등 각종 신종질병이 창궐하고... 집값은 못잡아, 세금은 천정부지.. 뭐 하나 긍정적인게 하나도없음.",224,15
81,빠르게 늙는 대한민국…2025년에 10명 중 2명이 65세 이상,3,2020-09-28 15:27,국민들은 늙고 일자리도 주는데 무능하고 쓸모없는 국회의원이 너무 많다. 적어도 1/3은 줄여서 세금 아끼고 스트레스의 원흉을 없애자. 그리고 월급도 1/3로 줄이고 특권도 없애라.,185,1
82,빠르게 늙는 대한민국…2025년에 10명 중 2명이 65세 이상,4,2020-09-28 15:27,"노인 복지 확 줄여야 나라 재정이 산다. 건강보험도 노인이 더 많이 내야 한다. 무슨 공짜 좋아하냐. 좌파 천지야. 기초연금이니 뭐니. 일해서 노후 준비 해뒀어야지, 자기가 못산걸 남 탓하는건 노조나 노인이나 똑같음.",105,52
83,빠르게 늙는 대한민국…2025년에 10명 중 2명이 65세 이상,5,2020-09-28 15:27,미혼자 증가하고 출산율이 계속 떨어져 인구감소가 가속화 될경우 불과 몇십년안에 커다란 재앙이 예고됨.,32,1
84,빠르게 늙는 대한민국…2025년에 10명 중 2명이 65세 이상,6,2020-09-28 15:27,중산층이 많아져야 결혼도 많아지고 출산도 증가합니다. 저소득층만 많으면 결혼 자체를 기피하게 됩니다,31,3
85,빠르게 늙는 대한민국…2025년에 10명 중 2명이 65세 이상,7,2020-09-28 15:27,장수는 재앙이다. 오래산다고 좋은거 아무것도 없음 삶의질이 엄청떨어지는데 살아서 뭐하냐,26,6
86,빠르게 늙는 대한민국…2025년에 10명 중 2명이 65세 이상,8,2020-09-28 15:27,집값내려갈 일만 남았네. 경제활동인구 급감.,13,1
87,빠르게 늙는 대한민국…2025년에 10명 중 2명이 65세 이상,9,2020-09-28 15:27,"페미, 비혼, 동성애, 집값 떡상, 자살율 1위, ... 출산율 오르면 그게 이상한 나라지. 한 번도 경험해보지 못한 나라는 오늘도 만들어지고 있는 중",20,9
88,빠르게 늙는 대한민국…2025년에 10명 중 2명이 65세 이상,10,2020-09-28 15:27,평소에 노인에 대해 상당히 긍정적이었던 나도 요즘 정치하는 노인들 보면 왜저런 노인들은 빨리 안죽고 오래살까 라는 생각이 든다.나이들어 정신이상에 치매기가 있는 노인들이 집에서 요양이나 할것이지 뭔 정치를 한다고 욕심은 더럽게많아서 나라를 쑥대밭으로 만들고 있으니 참 한심한 일이다.,7,0
89,빠르게 늙는 대한민국…2025년에 10명 중 2명이 65세 이상,11,2020-09-28 15:27,국가의 소중한 예산을 아주 지 멋대로 흥청망청 써제끼고 선거철 표 사는데 뿌리고 다니는데 재정위기는 명약관화. 개돼지들은 사료 더 주면 그냥 좋다고 몸부림치고 나뒹구니까. 똥밭에 뒹굴 지 새끼들은 안중에도 없고 문재인 민주당 찬양이나 하고 쳐앉았으니,7,0
90,빠르게 늙는 대한민국…2025년에 10명 중 2명이 65세 이상,12,2020-09-28 15:27,"청년들이 행복하게 결혼과 출산을 하고, 노인들이 행복한 노후를 보낼 수 있도록 특단의 대책이 필요해 보입니다.",6,1
91,빠르게 늙는 대한민국…2025년에 10명 중 2명이 65세 이상,13,2020-09-28 15:27,이건 완전히 문재인 정부의 책임입니다. 출산정책을 원래대로 복지부로 복귀시켜야 합니다. 여가부가 가져와서 완전히 출산율 망쳐버렸습니다.,5,1
92,빠르게 늙는 대한민국…2025년에 10명 중 2명이 65세 이상,14,2020-09-28 15:27,나이를 똥구녕으로 처먹어서 코로나를 계속 퍼트려주시고 계시는 그분들이 저 그룹에 있지.. 하루라도 빠리 주님 곁으로 가는게 국가와 사회와 민족과 본인을 위해서도 좋은 선택임,5,1
93,빠르게 늙는 대한민국…2025년에 10명 중 2명이 65세 이상,15,2020-09-28 15:27,문재인과 민주당이 통치하는 한국에 미래는 없다 탈출해라 일본이든 미국이든 유럽이든 일단 도망가라,5,1
94,빠르게 늙는 대한민국…2025년에 10명 중 2명이 65세 이상,16,2020-09-28 15:27,"2060년이 와도 서울,수도권 신도시 집값은 안떨어져요 ㅠ",5,1
95,빠르게 늙는 대한민국…2025년에 10명 중 2명이 65세 이상,17,2020-09-28 15:27,국민도 정권도 길게 내다볼 생각은 없어 보이니 그냥 자식없이 쓰다가 죽는게 가장 행복한 결말일듯,4,0
96,빠르게 늙는 대한민국…2025년에 10명 중 2명이 65세 이상,18,2020-09-28 15:27,아이고..내새끼들 어찌할꼬..,4,0
97,빠르게 늙는 대한민국…2025년에 10명 중 2명이 65세 이상,19,2020-09-28 15:27,저출산 고령화는 지금 당장은 몇가지 문제가 될지 몰라도 장기적으로 보면 어느 시점에서는 인구가 줄기는 해야죠. 한정돤 자원과 영토 속에서 영원히 늘어만 날 수는 없습니다. 언젠가 적정인구가 되면 다시 젊어질테니 그렇게 국가 멸망할 것 같은 위기라고 생각하는건 과장인듯 합닌다.,9,6
98,보호능력 없는 모녀 원룸서 숨진채 발견…딸은 굶어 죽은 듯열흘-보름전 사망 추정…학대로 딸은 7년간 복지시설 있기도 (창원=연합뉴스) 한지은 기자 = 정신질환을 앓아온 모녀가 원룸…,1,2020-09-28 15:27,여가부 뭐하냐??? 진심 뭐하냐??? 니들이 10년동안 한 최대 업적이 사회 곳곳에 갈등 만들어서 사회 구조가 악순환이 되게 한거잖냐. 이런데도 폐지 안해???,4740,340
99,보호능력 없는 모녀 원룸서 숨진채 발견…딸은 굶어 죽은 듯열흘-보름전 사망 추정…학대로 딸은 7년간 복지시설 있기도 (창원=연합뉴스) 한지은 기자 = 정신질환을 앓아온 모녀가 원룸…,2,2020-09-28 15:27,요양보호사 자격증까지 딸 정도면 충분히 사회에 적응하며 살수 있었을거같은데 너무 안타깝네요. 아이가 정상이어도 편부모가정은 힘든데 장애까지 있음 얼마나 힘들까요? 지금 코로나로 사각지대에 있는 가정들이 많을텐데 잘 챙겨야 할때인거같습니다.,1313,25
100,보호능력 없는 모녀 원룸서 숨진채 발견…딸은 굶어 죽은 듯열흘-보름전 사망 추정…학대로 딸은 7년간 복지시설 있기도 (창원=연합뉴스) 한지은 기자 = 정신질환을 앓아온 모녀가 원룸…,3,2020-09-28 15:27,와 시대가 어느시대인데 아사....,888,57
101,보호능력 없는 모녀 원룸서 숨진채 발견…딸은 굶어 죽은 듯열흘-보름전 사망 추정…학대로 딸은 7년간 복지시설 있기도 (창원=연합뉴스) 한지은 기자 = 정신질환을 앓아온 모녀가 원룸…,4,2020-09-28 15:27,아 안타깝다.... 경계선이고 자격증도 따놨으니 사회생활 해보고 여러 경험들 해볼 수 있었을 텐데ㅠㅠ 시설측에서는 마음대로 붙잡을 수도 없는 노릇이었으니.. 고인의 명복을 빕니다..,627,18
102,보호능력 없는 모녀 원룸서 숨진채 발견…딸은 굶어 죽은 듯열흘-보름전 사망 추정…학대로 딸은 7년간 복지시설 있기도 (창원=연합뉴스) 한지은 기자 = 정신질환을 앓아온 모녀가 원룸…,5,2020-09-28 15:27,마음이 아프네요좋은곳으로 가시길...두분의 명복을 빕니다,582,19
103,보호능력 없는 모녀 원룸서 숨진채 발견…딸은 굶어 죽은 듯열흘-보름전 사망 추정…학대로 딸은 7년간 복지시설 있기도 (창원=연합뉴스) 한지은 기자 = 정신질환을 앓아온 모녀가 원룸…,6,2020-09-28 15:27,햐..참...불쌍하구나. 일면식도 없는 두분 이신데 눈물이 핑 도네. 어느시대 어느 곳에나 사회 한구석에서는 못 먹고 굶어죽는 사람들이 있어왔지만 그런 사실로도 이 죽음에는 위로가 되지 못한다. 참 슬프다. 배고픔과 아픔 없는 곳에서 평안을 누리시기를 빌며 책임 있는 곳에서는 깊은 반성이 있기를 덧붙입니다.,449,9
104,보호능력 없는 모녀 원룸서 숨진채 발견…딸은 굶어 죽은 듯열흘-보름전 사망 추정…학대로 딸은 7년간 복지시설 있기도 (창원=연합뉴스) 한지은 기자 = 정신질환을 앓아온 모녀가 원룸…,7,2020-09-28 15:27,우파정권에서 이런일 터졌으면 좌파어용단체들 난리를 쳤을텐데... 이젠 그냥 조용히 잊혀지는 죽음이네..,661,331
105,보호능력 없는 모녀 원룸서 숨진채 발견…딸은 굶어 죽은 듯열흘-보름전 사망 추정…학대로 딸은 7년간 복지시설 있기도 (창원=연합뉴스) 한지은 기자 = 정신질환을 앓아온 모녀가 원룸…,8,2020-09-28 15:27,북한이 우선입니다,842,524
106,보호능력 없는 모녀 원룸서 숨진채 발견…딸은 굶어 죽은 듯열흘-보름전 사망 추정…학대로 딸은 7년간 복지시설 있기도 (창원=연합뉴스) 한지은 기자 = 정신질환을 앓아온 모녀가 원룸…,9,2020-09-28 15:27,통신비 2만원을 뿌릴게 아니라 이런 사람들 찾아서 최소한의 생활은 할 수 있도록 도와주는데 돈을 써야지 삶은 소대가리야!!,319,26
107,보호능력 없는 모녀 원룸서 숨진채 발견…딸은 굶어 죽은 듯열흘-보름전 사망 추정…학대로 딸은 7년간 복지시설 있기도 (창원=연합뉴스) 한지은 기자 = 정신질환을 앓아온 모녀가 원룸…,10,2020-09-28 15:27,정신적으로 정상인사람이면 동사무소 복지과 방문해 기초수급자 신청했을텐데..저런사각지대에 있는사람들이 진짜 보호대상이다,225,0
108,보호능력 없는 모녀 원룸서 숨진채 발견…딸은 굶어 죽은 듯열흘-보름전 사망 추정…학대로 딸은 7년간 복지시설 있기도 (창원=연합뉴스) 한지은 기자 = 정신질환을 앓아온 모녀가 원룸…,11,2020-09-28 15:27,대북지원같은소리는 이제 그만하고 이런사람들부터 챙겨서 지원하자.. 우리나라사람도 굶어죽고 노숙자넘치는데 왜 북한에 지원을해주냐.. 우리국민 전부가 잘사는것도 아닌데,176,18
109,보호능력 없는 모녀 원룸서 숨진채 발견…딸은 굶어 죽은 듯열흘-보름전 사망 추정…학대로 딸은 7년간 복지시설 있기도 (창원=연합뉴스) 한지은 기자 = 정신질환을 앓아온 모녀가 원룸…,12,2020-09-28 15:27,정말 필요한 사람들을 지원해라. 쓸데없이 한표 얻겠다고 50만원씩 지원하지말고.,105,4
110,보호능력 없는 모녀 원룸서 숨진채 발견…딸은 굶어 죽은 듯열흘-보름전 사망 추정…학대로 딸은 7년간 복지시설 있기도 (창원=연합뉴스) 한지은 기자 = 정신질환을 앓아온 모녀가 원룸…,13,2020-09-28 15:27,전국 동사무소는 각 통반의 통장 반장들에게 동네 극빈가정있는지 조사하라 하세요..요즘 이웃들 왕래없는세상에 극빈가정은 잘 드러나지않아요..저런가정은 도움요청도 하지않아요..요즘 공공근로 동마다 수십에서 100명까지 모집했다 하던데 그런인력 그런곳에 쓰세요..찾아와 도와달란사람보다 보이지않는 사각지대 극빈자들신경쓰세요,71,4
111,보호능력 없는 모녀 원룸서 숨진채 발견…딸은 굶어 죽은 듯열흘-보름전 사망 추정…학대로 딸은 7년간 복지시설 있기도 (창원=연합뉴스) 한지은 기자 = 정신질환을 앓아온 모녀가 원룸…,14,2020-09-28 15:27,그래 복지늘린다고 세금은 더 쳐받고 그돈으로 뭐했지?,54,5
112,보호능력 없는 모녀 원룸서 숨진채 발견…딸은 굶어 죽은 듯열흘-보름전 사망 추정…학대로 딸은 7년간 복지시설 있기도 (창원=연합뉴스) 한지은 기자 = 정신질환을 앓아온 모녀가 원룸…,15,2020-09-28 15:27,결국 엄마때문에 죽었군요.... 넘 가여워요..어린시절엔 학대에 성인되니 결국 죽음으로 내 몬 ....이런 모정은 없는게 낫네요.... 명복을 빕니다..,47,2
113,보호능력 없는 모녀 원룸서 숨진채 발견…딸은 굶어 죽은 듯열흘-보름전 사망 추정…학대로 딸은 7년간 복지시설 있기도 (창원=연합뉴스) 한지은 기자 = 정신질환을 앓아온 모녀가 원룸…,16,2020-09-28 15:27,여가부는 이런사건엔 한마디도 안함...쓰레기보다 더한 여가부 정부돈받아 놀러다니고 쓰기바쁜 여가부,48,7
114,보호능력 없는 모녀 원룸서 숨진채 발견…딸은 굶어 죽은 듯열흘-보름전 사망 추정…학대로 딸은 7년간 복지시설 있기도 (창원=연합뉴스) 한지은 기자 = 정신질환을 앓아온 모녀가 원룸…,17,2020-09-28 15:27,"아직도 굶어죽는 사람들이 있고, 편부모가정 아이돌보며 생계유지하느라 등골휘는 사람들 많고. 조손가정 . 페휴지줏어다 생계유지하는 분들 진짜 많다. 그런데도 정부는 북한에 퍼주기바쁘고 엉뚱한곳, 표되는곳에다 돈을 물쓰듯 쓴다.. 나라꼬라지. 에휴 ㅜ",42,3
115,보호능력 없는 모녀 원룸서 숨진채 발견…딸은 굶어 죽은 듯열흘-보름전 사망 추정…학대로 딸은 7년간 복지시설 있기도 (창원=연합뉴스) 한지은 기자 = 정신질환을 앓아온 모녀가 원룸…,18,2020-09-28 15:27,발달장애가정에 무조건 연금지급해라 자적장애 아이는 커도 집밖으로 거의 나가지않는다일도할수없는경우가 많다 부모의 능력과 상관없이 연금지급 하루라도 빨리법통과해서 연금지급해라,46,11
116,보호능력 없는 모녀 원룸서 숨진채 발견…딸은 굶어 죽은 듯열흘-보름전 사망 추정…학대로 딸은 7년간 복지시설 있기도 (창원=연합뉴스) 한지은 기자 = 정신질환을 앓아온 모녀가 원룸…,19,2020-09-28 15:27,청년실업에 80조를 갖다부었는데. 1/10인 8조만 부어도 다들 잘살겠네. 근데 문제는 이마저도 다 새어나간다는거. 정작 필요한 사람은 지원도 못받음.,29,0
117,보호능력 없는 모녀 원룸서 숨진채 발견…딸은 굶어 죽은 듯열흘-보름전 사망 추정…학대로 딸은 7년간 복지시설 있기도 (창원=연합뉴스) 한지은 기자 = 정신질환을 앓아온 모녀가 원룸…,20,2020-09-28 15:27,여가부! ...쓸데없는 윤미향 단체에 지원금 쳐바르지말고 이런 사각지대를 찾아라!,26,0
118,"[속보] ""국내서 코로나19·인플루엔자 동시 감염자 현재까지…",1,2020-09-28 15:27,제발 길에서 마스크벗고 담배연기 내뿜는 넘들 처단좀 해주세요. 마스크안으로 담배연기 다올라옴!!띠바,213,11
119,"[속보] ""국내서 코로나19·인플루엔자 동시 감염자 현재까지…",2,2020-09-28 15:27,보통독감으로죽는사람들은 폐렴까지와서 죽는걸로알고있는대 코로나랑 독감같이오면 답도없겠내,62,1
120,"[속보] ""국내서 코로나19·인플루엔자 동시 감염자 현재까지…",3,2020-09-28 15:27,기사검색하니 올2월에 걸린사례가3건...근데 왜 지금시점에서 걸린거처럼 사람들에게 공포감을 주는건가요?,64,5
121,"[속보] ""국내서 코로나19·인플루엔자 동시 감염자 현재까지…",4,2020-09-28 15:27,9월인데..벌써 인플루엔자 시작이야?.. 감염 경로 알려 주셔야죠.. 남반구에서 걸려서 해외 유입인지...,22,2
122,"[속보] ""국내서 코로나19·인플루엔자 동시 감염자 현재까지…",5,2020-09-28 15:27,야이씨 올 2월달이자나,13,0
123,"[속보] ""국내서 코로나19·인플루엔자 동시 감염자 현재까지…",6,2020-09-28 15:27,이런데 상온으로 독감 백신 배달? 미쳤어!,3,1
124,"[속보] ""국내서 코로나19·인플루엔자 동시 감염자 현재까지…",7,2020-09-28 15:27,비접촉 비대면 철저히 지킵시다!,2,1
125,"[속보] ""국내서 코로나19·인플루엔자 동시 감염자 현재까지…",8,2020-09-28 15:27,명절에 고향가지말라니 제주도가는나란데 걍망하는게맞음,1,0
126,"[속보] ""국내서 코로나19·인플루엔자 동시 감염자 현재까지…",9,2020-09-28 15:27,경험해보지 못한 나라 답네,1,0
127,"[속보] ""국내서 코로나19·인플루엔자 동시 감염자 현재까지…",10,2020-09-28 15:27,벌써 시작이네ㅜㅜ,1,0
128,"[속보] ""국내서 코로나19·인플루엔자 동시 감염자 현재까지…",11,2020-09-28 15:27,피라맥스 먹여라 내 지인가족 세명 피라맥스 정 먹고 나았다,3,3
129,"[속보] ""국내서 코로나19·인플루엔자 동시 감염자 현재까지…",12,2020-09-28 15:27,와 얼마나 재수없을까,3,3
130,"[속보] ""국내서 코로나19·인플루엔자 동시 감염자 현재까지…",13,2020-09-28 15:27,두마리 토끼를 한 번에 잡은 사례,1,1
131,"[속보] ""국내서 코로나19·인플루엔자 동시 감염자 현재까지…",14,2020-09-28 15:27,"동시감염은 사망할 확률이 몇 배로 높아짐. 기저질환까지 있다면 다 살았다고 봐야함,",0,0
132,"[속보] ""국내서 코로나19·인플루엔자 동시 감염자 현재까지…",15,2020-09-28 15:27,둘다 걸리면 황천행 직행코스네 하나만 걸려도 괴로울텐데,0,0
133,"[속보] ""국내서 코로나19·인플루엔자 동시 감염자 현재까지…",16,2020-09-28 15:27,원래 동시에 감염되도 한가지 병만 진행하는것으로 아는데.,0,0
134,"[속보] ""국내서 코로나19·인플루엔자 동시 감염자 현재까지…",17,2020-09-28 15:27,마스크만이 살길이다 진심,0,0
135,"[속보] ""국내서 코로나19·인플루엔자 동시 감염자 현재까지…",18,2020-09-28 15:27,"합성, 불사의 바이러스 태동하겠군. 집권자들 먼저 걸려 맛좀 봐라",0,0
136,"[속보] ""국내서 코로나19·인플루엔자 동시 감염자 현재까지…",19,2020-09-28 15:27,정부야! 독감 백신 빨리 수입해서 전국민 다 맞춰라! 세금은 이런데 쓰는거다!,0,0
137,"[속보] ""국내서 코로나19·인플루엔자 동시 감염자 현재까지…",20,2020-09-28 15:27,마스크를 꼭 착용해서 감염을 최소화하였으면 좋겠습니다.,0,0
138,거리두기 3단계서도 12월3일 수능 시행…1주전부터 고교원격…,1,2020-09-28 15:27,수능전 2주 원격수업이 맞아보입니다,52,1
139,거리두기 3단계서도 12월3일 수능 시행…1주전부터 고교원격…,2,2020-09-28 15:27,이상하네 느그 이석기석방시위는 허용해주던데 ㅋㅋㅋㅋㅋㅋㅋㅋㅋㅋㅋㅋㅋ,43,1
140,거리두기 3단계서도 12월3일 수능 시행…1주전부터 고교원격…,3,2020-09-28 15:27,"제발 수능을 치룰 수 만이라도....그 다음은 애들이 알아서 마스크 잘 쓸겁니다. 오늘 낼..수시원서 마무리 하고 있는 우리 고3들...좀 도와주세요. 방역에 협조해주세요. 아직 2달이나 남았고, 3개월을 주기로 코로나가 반복되고 있다니...너무 불안합니다. 제발 도와주세요.",43,12
141,거리두기 3단계서도 12월3일 수능 시행…1주전부터 고교원격…,4,2020-09-28 15:27,입시인원은 5만명 줄었는데.. 한 교실당 굳이 24명이나 넣어아겠냐?? 15명으로 줄여라,18,1
142,거리두기 3단계서도 12월3일 수능 시행…1주전부터 고교원격…,5,2020-09-28 15:27,입시>안전 이쥘울 하는 애들은 고졸인거지?,13,4
143,거리두기 3단계서도 12월3일 수능 시행…1주전부터 고교원격…,6,2020-09-28 15:27,우리의 소중한 수험생들 서로 감염 안되고 수능시험을 무사히 마치기를 기원 합니다 ! !,4,0
144,거리두기 3단계서도 12월3일 수능 시행…1주전부터 고교원격…,7,2020-09-28 15:27,ㅋ 4명 줄이면 거리두기냐,4,0
145,거리두기 3단계서도 12월3일 수능 시행…1주전부터 고교원격…,8,2020-09-28 15:27,그래서 같은 수험생신분인 n수생들이 공부할수있는 재수종합학원은 언제열죠?,4,0
146,거리두기 3단계서도 12월3일 수능 시행…1주전부터 고교원격…,9,2020-09-28 15:27,수능은 코로나로 미루기시작하면 나중에 수습이 배로 힘들다,4,1
147,거리두기 3단계서도 12월3일 수능 시행…1주전부터 고교원격…,10,2020-09-28 15:27,플랜B따위는 역시 없었어.,3,0
148,거리두기 3단계서도 12월3일 수능 시행…1주전부터 고교원격…,11,2020-09-28 15:27,고위직들 자제분들은 따로 생활 치료시설에서 몰래 오픈북으로 시험 진행하시겠죠?? ㅎㅎ,2,0
149,거리두기 3단계서도 12월3일 수능 시행…1주전부터 고교원격…,12,2020-09-28 15:27,나라 경제 끝장날 것 같네요....아....진짜..무섭다..이래서 우파가 정권 잡아야 하는거임.. 우파는 아무리 선동하고 힘들고 해도..절대로 일자리만큼은 건들지 않음..진짜 이명박 때가 젤 살기 좋았음..,2,0
150,거리두기 3단계서도 12월3일 수능 시행…1주전부터 고교원격…,13,2020-09-28 15:27,소중한 고3 친구들의 수능시험을 무사히 잘치르길 바랍니다.그리고 감염 안되고 끝까지 마무리 하기를 기원합니다.,2,0
151,거리두기 3단계서도 12월3일 수능 시행…1주전부터 고교원격…,14,2020-09-28 15:27,우리조카 현수야 코로나 시대 수험생으로서 고생많네.ㅜㅜ 힘내라 삼촌이 응원한다 수능치고 삼촌이 졸업선물로 정장한벌사줄게. 현수 파이팅♡,2,0
152,거리두기 3단계서도 12월3일 수능 시행…1주전부터 고교원격…,15,2020-09-28 15:27,왠지 수능때가되면 거리두기가3단계가 될꺼라는 예언같이 들리는건 기분탓인가요?^^;;,3,2
153,거리두기 3단계서도 12월3일 수능 시행…1주전부터 고교원격…,16,2020-09-28 15:27,내가 고3은 아니지만 진심 고3불쌍하다 이나라는 개보다못한게 고3이구나,1,0
154,거리두기 3단계서도 12월3일 수능 시행…1주전부터 고교원격…,17,2020-09-28 15:27,"자가격리, 의지 환자 시험 감독은 누가 하나? 방역복 입고 병원관계자들이 하나??",1,0
155,거리두기 3단계서도 12월3일 수능 시행…1주전부터 고교원격…,18,2020-09-28 15:27,언젠가는 3단계 하겠다는 결과이구나 ㅋㅋㅋㅋㅋㅋㅋㅋㅋㅋㅋ 대단하다 대단해,1,0
156,거리두기 3단계서도 12월3일 수능 시행…1주전부터 고교원격…,19,2020-09-28 15:27,"2주전도, 한달전도 아니고 1주일전에 해서 무슨 의미가 있음...?",1,0
157,거리두기 3단계서도 12월3일 수능 시행…1주전부터 고교원격…,20,2020-09-28 15:27,수험장 내에서는 대화도 금지했으면 좋겠네요.... 불안하네요,1,0
158,[속보] 트윈데믹 현실화···“코로나19·독감 동시감염 3건…,1,2020-09-28 15:27,이제 감기로 물타기해서 정치 방역 할 생각 인가보네 겨울엔,204,65
159,[속보] 트윈데믹 현실화···“코로나19·독감 동시감염 3건…,2,2020-09-28 15:27,또 판을 더 키우려고 하는구나?지지율 떨어질수록 더하겠지?,87,19
160,[속보] 트윈데믹 현실화···“코로나19·독감 동시감염 3건…,3,2020-09-28 15:27,10.5~8일 등교 막아주세요연휴이후 바로 등교수업은 위험합니다,62,11
161,[속보] 트윈데믹 현실화···“코로나19·독감 동시감염 3건…,4,2020-09-28 15:27,디엔에이링크 추석에 fda승인 나는건가?승인시에 596억 자동 매출?,12,4
162,[속보] 트윈데믹 현실화···“코로나19·독감 동시감염 3건…,5,2020-09-28 15:27,동시 감염이 무슨 뜻인가요? 한사람이 독감도 걸리고 동시에 코로나19도 걸렸다는 뜻인가요?,7,1
163,[속보] 트윈데믹 현실화···“코로나19·독감 동시감염 3건…,6,2020-09-28 15:27,15분만에 결과나오는 국내원탑 휴마시스 항원진단키트...도입합시다,7,2
164,[속보] 트윈데믹 현실화···“코로나19·독감 동시감염 3건…,7,2020-09-28 15:27,너무 신경쓰지말고 살자 주말에 공원.아울렛가도 사람만 많아 사람들도 지쳐가는듯,6,2
165,[속보] 트윈데믹 현실화···“코로나19·독감 동시감염 3건…,8,2020-09-28 15:27,정은경 박능후 사퇴해라 책임지고,45,42
166,[속보] 트윈데믹 현실화···“코로나19·독감 동시감염 3건…,9,2020-09-28 15:27,근데도 안그래도 모자란 백신관리를 그렇게 ㅈ같이해???,5,2
167,[속보] 트윈데믹 현실화···“코로나19·독감 동시감염 3건…,10,2020-09-28 15:27,문재앙 감염시켜야 이 사태 빨리 끝낼수있다. 대국적인 결단을 내립시다 자유국민 여러분!!,4,1
168,[속보] 트윈데믹 현실화···“코로나19·독감 동시감염 3건…,11,2020-09-28 15:27,올 2월달 걸린사례를 언제적이다 말도없이 사람들 공포스럽게 기사쓰시는지요?,4,1
169,[속보] 트윈데믹 현실화···“코로나19·독감 동시감염 3건…,12,2020-09-28 15:27,독감이 벌써 걸린다고???접종한지 한달도 안됐는데?,4,1
170,[속보] 트윈데믹 현실화···“코로나19·독감 동시감염 3건…,13,2020-09-28 15:27,실종 공무원으로 궁지에 몰리니 코로나로 공포주기 또 시작..니들 잔머리 모를줄 아냐ㅋㅋ,3,0
171,[속보] 트윈데믹 현실화···“코로나19·독감 동시감염 3건…,14,2020-09-28 15:27,추석직후 바로 등교하는거 고려 해주세요.,3,1
172,[속보] 트윈데믹 현실화···“코로나19·독감 동시감염 3건…,15,2020-09-28 15:27,거짓말하네,2,0
173,[속보] 트윈데믹 현실화···“코로나19·독감 동시감염 3건…,16,2020-09-28 15:27,헐 죽겠다야,2,0
174,[속보] 트윈데믹 현실화···“코로나19·독감 동시감염 3건…,17,2020-09-28 15:27,용어가 너무 어렵다. 좀 쉬운 한글 용어로 대체할 순 없을까?,2,1
175,[속보] 트윈데믹 현실화···“코로나19·독감 동시감염 3건…,18,2020-09-28 15:27,시총바닥인 디엔에이링크가 젤좋네,2,1
176,[속보] 트윈데믹 현실화···“코로나19·독감 동시감염 3건…,19,2020-09-28 15:27,방예실패한 무능한 정권 이젠 또 뭘로 핑계될거냐,2,1
177,신천지 이만희 “아파 죽겠다…억울해서라도 재판 끝까지 살…,1,2020-09-28 15:27,영생한다고 그동안 구라친거냐? ㅋㅋㅋ,246,21
178,신천지 이만희 “아파 죽겠다…억울해서라도 재판 끝까지 살…,2,2020-09-28 15:27,엇.... 영원히 영생 하시는거 아니에요??ㅋㅋㅋㅋㅋㅋㅋㅋㅋㅋ,101,12
179,신천지 이만희 “아파 죽겠다…억울해서라도 재판 끝까지 살…,3,2020-09-28 15:27,이런건 기사 올리지 말자. 누굴 대변하는거임? 이럴시간 있으면 신천지에 세뇌당해 가출한 학생들 기사나 올려주지.,48,6
180,신천지 이만희 “아파 죽겠다…억울해서라도 재판 끝까지 살…,4,2020-09-28 15:27,"죽을날이 다온것같은데, 뭘, 그리 추태를 부리는가",28,9
181,신천지 이만희 “아파 죽겠다…억울해서라도 재판 끝까지 살…,5,2020-09-28 15:27,"어잇, 이만희 그렇게 억울하시면 당장죽어서 바로 깡꿍! 하고 영생해봐라....",29,11
182,신천지 이만희 “아파 죽겠다…억울해서라도 재판 끝까지 살…,6,2020-09-28 15:27,영생한다며?? 너희들 교리가 영생이잖아~~ 교도소에서도 쭉 살수 있을껴~~ 그러니 잔말 말고 교도소 들어가서 영생하며 살아~,12,2
183,신천지 이만희 “아파 죽겠다…억울해서라도 재판 끝까지 살…,7,2020-09-28 15:27,영생불사한다고 큰소리치는넘이 아파죽겠단다 이런사기꾼같은넘봤나 그곳에서 영생불사해봐라,11,1
184,신천지 이만희 “아파 죽겠다…억울해서라도 재판 끝까지 살…,8,2020-09-28 15:27,자신이 예수라고 하는 자식이 아파 죽겠다니 ..결국 사이비 가짜임을 스스로 증명했네...,10,0
185,신천지 이만희 “아파 죽겠다…억울해서라도 재판 끝까지 살…,9,2020-09-28 15:27,전광후니 하는짓 보기전엔 이만희욕 했는데 전광후니 하는짓 보니 이만희는 양반이란 생각이든다.,10,2
186,신천지 이만희 “아파 죽겠다…억울해서라도 재판 끝까지 살…,10,2020-09-28 15:27,살아움직이는 신이 아푸믄 되나..신력으로 날개달고 날아댕기며 신도들에게 위상을 보여야지...쯧쯧...할배 갈때 다됐네.,7,2
187,신천지 이만희 “아파 죽겠다…억울해서라도 재판 끝까지 살…,11,2020-09-28 15:27,살아있어야지 신천지가 무너지는걸 니눈으로 보지,10,6
188,신천지 이만희 “아파 죽겠다…억울해서라도 재판 끝까지 살…,12,2020-09-28 15:27,불로장생하신다는 분이 엄살이 너무 심하네~,7,3
189,신천지 이만희 “아파 죽겠다…억울해서라도 재판 끝까지 살…,13,2020-09-28 15:27,살아있는 신이라더니 아파 죽겠다는게 어불성설이네!!!,5,1
190,신천지 이만희 “아파 죽겠다…억울해서라도 재판 끝까지 살…,14,2020-09-28 15:27,신도들은 이만희가 영생한다고 믿는데 뭔 소리입니까? 그리고 보혜사가 아프면 되겠습니까?,5,2
191,신천지 이만희 “아파 죽겠다…억울해서라도 재판 끝까지 살…,15,2020-09-28 15:27,"어디에 있는 그 분인지는 잘 모르겠지만, 그 분이 내리신 고난인데 참고 견뎌야지. 그래야 죽어서 그 분 곁으로 가지 않을까? 좀 참아봐.",5,2
192,신천지 이만희 “아파 죽겠다…억울해서라도 재판 끝까지 살…,16,2020-09-28 15:27,신천지 이만희 영감탱이 후계자가 누군지 땡 잡았구나 이만희 영감탱이를 즉각 깜방에 집어너라 콩밥을 먹여라 신도들 주머니 돈 털어 반세기 큰 부자가 되었다 이만희 영감탱이는 저주받을 놈팽이다,3,0
193,신천지 이만희 “아파 죽겠다…억울해서라도 재판 끝까지 살…,17,2020-09-28 15:27,안죽고산다몈ㅋㅋㅋㅋㅋㅋㅋㅋ 아프지않고 영생한다고 했는데 인공뼈무엇 ???터미네이터 신갘ㅋㅋㅋㅋㅋㅋㅋ,3,0
194,신천지 이만희 “아파 죽겠다…억울해서라도 재판 끝까지 살…,18,2020-09-28 15:27,참으로 잔인한 세월이다 일응 90세라는 나이만으로도 수감생활을 요구하는것이 무리라는 것은 지나가는 개도 알것인데 ...... 인간만큼 무서운 동물이 없네. 멸종해야할 1순위는 당연히 인간인듯.,14,12
195,신천지 이만희 “아파 죽겠다…억울해서라도 재판 끝까지 살…,19,2020-09-28 15:27,섬뜩하고 징그럽다...가짜 재림주...,3,1
196,신천지 이만희 “아파 죽겠다…억울해서라도 재판 끝까지 살…,20,2020-09-28 15:27,신이라면서 니가,3,1
197,"하루 한 잔 술은 건강에 좋다고요?…""아닙니다""비음주→하루 한 잔 변화 시 심혈관계 위험 줄지 않아 서울아산병원 장준영 교수 ""비음주자는 비음주 습관 유지 권장"" (서울=…",1,2020-09-28 15:27,"담배는 광고도 못하고 모자이크까지 하면서 규제를.하는데, 술광고는 왜 규제를.안하냐?허구한 날 예쁘장한 여자 아이돌이 소주 쳐 마시라고 하고 남자 아이돌이 청정테라 쳐마시라고 24시간 떠들어대는데..흡연하고 운전하는게 위험하냐 술마시고 운전하는게 위험하냐?",1096,48
198,"하루 한 잔 술은 건강에 좋다고요?…""아닙니다""비음주→하루 한 잔 변화 시 심혈관계 위험 줄지 않아 서울아산병원 장준영 교수 ""비음주자는 비음주 습관 유지 권장"" (서울=…",2,2020-09-28 15:27,"지금 62인데 술 권하는 사회애 살았지요! 내 친구중에 술자랑 한 자 !인생 말년을 온갖 병으로 고통을 받거나, 심지어 간암으로 저 세상에 간 사람도 있습니다. 오히려 술 잘 못하는 사람이 자기 관리해서 젊은 시절보더 더 건강하개 살아가고 있습니다.. 술을 자랑하는 사람이 제일 못난 사람입니다.",433,9
199,"하루 한 잔 술은 건강에 좋다고요?…""아닙니다""비음주→하루 한 잔 변화 시 심혈관계 위험 줄지 않아 서울아산병원 장준영 교수 ""비음주자는 비음주 습관 유지 권장"" (서울=…",3,2020-09-28 15:27,술은 자기에 맞게 마셔야함 술이 안맞는 체질은 마시면 진짜 위험,212,9
200,"하루 한 잔 술은 건강에 좋다고요?…""아닙니다""비음주→하루 한 잔 변화 시 심혈관계 위험 줄지 않아 서울아산병원 장준영 교수 ""비음주자는 비음주 습관 유지 권장"" (서울=…",4,2020-09-28 15:27,와인이 몸에 좋다는 것도 상술에서 비롯된 다 뻥이다. 아직도 믿는 놈이 있냐?,162,13
201,"하루 한 잔 술은 건강에 좋다고요?…""아닙니다""비음주→하루 한 잔 변화 시 심혈관계 위험 줄지 않아 서울아산병원 장준영 교수 ""비음주자는 비음주 습관 유지 권장"" (서울=…",5,2020-09-28 15:27,심혈관계 개선 효과가 있었던 연구는 다른 술이 아니고 포도주였습니다. 포도의 항산화 효과도 같이 작용 했던거 아닌가 싶습니다.,64,25
202,"하루 한 잔 술은 건강에 좋다고요?…""아닙니다""비음주→하루 한 잔 변화 시 심혈관계 위험 줄지 않아 서울아산병원 장준영 교수 ""비음주자는 비음주 습관 유지 권장"" (서울=…",6,2020-09-28 15:27,술 잘먹는다고 자랑질 하는거 진짜 무식해보임,35,2
203,"하루 한 잔 술은 건강에 좋다고요?…""아닙니다""비음주→하루 한 잔 변화 시 심혈관계 위험 줄지 않아 서울아산병원 장준영 교수 ""비음주자는 비음주 습관 유지 권장"" (서울=…",7,2020-09-28 15:27,어차피 저승가기전에 한잔 마시고 가는게 더 낫지 ㅋㅋㅋㅋ,50,28
204,"하루 한 잔 술은 건강에 좋다고요?…""아닙니다""비음주→하루 한 잔 변화 시 심혈관계 위험 줄지 않아 서울아산병원 장준영 교수 ""비음주자는 비음주 습관 유지 권장"" (서울=…",8,2020-09-28 15:27,20여년간 밥 거의 안먹고 술만 쳐먹는 년 있는데 안아프고 안죽고 진짜 멀쩡해. 오히려 술 엄청 싫어하고 일만하고 고생만하는 나는 잔병 달고 살고. 진짜 희한하다니까! 술 잘 받는 체질이 있나봐.,20,1
205,"하루 한 잔 술은 건강에 좋다고요?…""아닙니다""비음주→하루 한 잔 변화 시 심혈관계 위험 줄지 않아 서울아산병원 장준영 교수 ""비음주자는 비음주 습관 유지 권장"" (서울=…",9,2020-09-28 15:27,술이 뭐 좋겠어. 자기 주량껏 마시는거지. 못마시면 안마시는거고. 전보다 많이 줄었지만 술권하는 문화는 좀 없어지자. 술 잘마시는게 무슨 대단한거고 있어보이는거라고.,17,0
206,"하루 한 잔 술은 건강에 좋다고요?…""아닙니다""비음주→하루 한 잔 변화 시 심혈관계 위험 줄지 않아 서울아산병원 장준영 교수 ""비음주자는 비음주 습관 유지 권장"" (서울=…",10,2020-09-28 15:27,애주가인데요... 건강보다 하루에 한 잔 마시며 일상의 스트레스 해소하기 위해 마시는 사람도 많아요. 건강 생각해 술 안마시고 스트레스 다 쌓아놓고 사는 것 보다 그냥 맘 편하게 좋아하는 술 한 잔 안주에 곁들여 마시고 꿀잠 자는게 더 좋은거같음.,20,4
207,"하루 한 잔 술은 건강에 좋다고요?…""아닙니다""비음주→하루 한 잔 변화 시 심혈관계 위험 줄지 않아 서울아산병원 장준영 교수 ""비음주자는 비음주 습관 유지 권장"" (서울=…",11,2020-09-28 15:27,술자체가 독인데 안마시는게 최고로 좋죠 생각해볼것도 없는 술먹는거 합리화 하는 개소리좀 안했으면 좋겠네,16,1
208,"하루 한 잔 술은 건강에 좋다고요?…""아닙니다""비음주→하루 한 잔 변화 시 심혈관계 위험 줄지 않아 서울아산병원 장준영 교수 ""비음주자는 비음주 습관 유지 권장"" (서울=…",12,2020-09-28 15:27,"다 유전인거임..운동하고 야채먹고 술,담배안해도 암걸린 사람도 봤고 진짜 운동은 숨쉬기 운동만하고 쓰레기같이 먹고 살아도 혈압 쪼~금 높고 60넘어도 건강한 사람있음. 그냥 타고 난거임..",13,1
209,"하루 한 잔 술은 건강에 좋다고요?…""아닙니다""비음주→하루 한 잔 변화 시 심혈관계 위험 줄지 않아 서울아산병원 장준영 교수 ""비음주자는 비음주 습관 유지 권장"" (서울=…",13,2020-09-28 15:27,난 술이 진짜 체질에 안받는 사람이라 한잔도 힘든데..꼭 술자리가면 한잔은 마셔야된다면서 한잔도 못마시냐? 혹은 본인은 권유하는 스타일아니라면서 계속 중간중간 마시라면서 은근슬쩍 강요하는 사람들 너무싫다.. 술못마시면 사회생활 힘들다느니 ㅠㅠ 그거 다 술좋아하는 입장인거잖아.. 그냥 신경끄세요 내 사회생활은 내가 알아서 할테니까 ㅠ,13,1
210,"하루 한 잔 술은 건강에 좋다고요?…""아닙니다""비음주→하루 한 잔 변화 시 심혈관계 위험 줄지 않아 서울아산병원 장준영 교수 ""비음주자는 비음주 습관 유지 권장"" (서울=…",14,2020-09-28 15:27,35년전에는 시외버스 의자 뒤에 재털이가 달렸었고.....승객들도 버스 안에서 담배를 피웠었지.....술도 앞으로는 백해무익으로 삶과 건강을 해치는 기호식품으로 낙인하고 국가적으로 못먹게 해야 한다.,12,1
211,"하루 한 잔 술은 건강에 좋다고요?…""아닙니다""비음주→하루 한 잔 변화 시 심혈관계 위험 줄지 않아 서울아산병원 장준영 교수 ""비음주자는 비음주 습관 유지 권장"" (서울=…",15,2020-09-28 15:27,술을 끊으면 정신이 맑아진다. 담배도 끊으면 금상첨화,9,0
212,"하루 한 잔 술은 건강에 좋다고요?…""아닙니다""비음주→하루 한 잔 변화 시 심혈관계 위험 줄지 않아 서울아산병원 장준영 교수 ""비음주자는 비음주 습관 유지 권장"" (서울=…",16,2020-09-28 15:27,하루 한잔 술 ?무시 무시 ?'알콜 중독 으로 가는 지름길 입니다,10,2
213,"하루 한 잔 술은 건강에 좋다고요?…""아닙니다""비음주→하루 한 잔 변화 시 심혈관계 위험 줄지 않아 서울아산병원 장준영 교수 ""비음주자는 비음주 습관 유지 권장"" (서울=…",17,2020-09-28 15:27,걍 술이란게 없으면 좋겠다.,9,3
214,"하루 한 잔 술은 건강에 좋다고요?…""아닙니다""비음주→하루 한 잔 변화 시 심혈관계 위험 줄지 않아 서울아산병원 장준영 교수 ""비음주자는 비음주 습관 유지 권장"" (서울=…",18,2020-09-28 15:27,그래도 교회보다는 덜 위험한거 같은데..........,6,1
215,"하루 한 잔 술은 건강에 좋다고요?…""아닙니다""비음주→하루 한 잔 변화 시 심혈관계 위험 줄지 않아 서울아산병원 장준영 교수 ""비음주자는 비음주 습관 유지 권장"" (서울=…",19,2020-09-28 15:27,알콜자체가 독극물인데.. 뭐 더할말있겠나? 맛도 맛이지만 마시면 취하고 분위기 살고 기분좋으니까 마시는거지. 먹고 즐기다 먼저갈사람가고 나중에갈사람 나중에 가는거지머.,5,0
216,"하루 한 잔 술은 건강에 좋다고요?…""아닙니다""비음주→하루 한 잔 변화 시 심혈관계 위험 줄지 않아 서울아산병원 장준영 교수 ""비음주자는 비음주 습관 유지 권장"" (서울=…",20,2020-09-28 15:27,회식이던 친구 모임이던 코로나로 인해 모두 부질없다는걸 알았다 그럴 시간에 내 인생을 풍요롭게 할 공부와 운동이 최상이지 물론 가족간의 관계와 행복도 덩달아 중요하고 좋아짐,5,0
217,"또 원정도박 의혹, 탁재훈 “그럴 돈 없다” 이종원 “20만원 …",1,2020-09-28 15:27,지나고 보면 가세연이 보도한 내용 대부분 다 맞다.,3649,600
218,"또 원정도박 의혹, 탁재훈 “그럴 돈 없다” 이종원 “20만원 …",2,2020-09-28 15:27,"강성범은 자기 도박혐의는 비껴간채 그냥 가십정도로 치부하며, 햐명도 안하면서...조국님,추미애님 심정응 지가 당해보니 알겠다는둥 대깨문파들 극성에 편승해 사안을 모면하려는 수작질을 벌이는게 너무 역겹더라🤮🤮🤮어쩌다 범죄자들도 좌파코인에 편승하면 의인이 되고 억울한 피해자가 되는 그악스러운 세상이 된거냐?? 문제인3년 치적중에 가장 힘겨운건...바로ㅠ이런 자들처럼....자기의 죄를 도무지 반성않고...모두 문재앙을 추앙해서 억울한 피해를 당하고 있다는 말도안되는 변명으로 고개를 쳐든 인간들이 들끊게 되었다는 것이 가장 슬프다",2459,117
219,"또 원정도박 의혹, 탁재훈 “그럴 돈 없다” 이종원 “20만원 …",3,2020-09-28 15:27,얼마가 중요한게 아니라 원정도박이 불법이라는게 중요하지 이 정권 들어서는 죄의식이 사라진게 트랜드가 되버려서 그런지 음주운전 불법도박 같은걸 해도 다들 뻔뻔하네,1156,118
220,"또 원정도박 의혹, 탁재훈 “그럴 돈 없다” 이종원 “20만원 …",4,2020-09-28 15:27,탁재훈은 신정환 도박때 나무라듯 말해놓고 지도 하던거였나? 하여간 강성범을 비롯한 연예인들 깨시민 처럼 굴더니 불법은 다하고다니네 깨시민 처럼 구는 자들은 죄다 말과행동이 다르네 발음새는 그놈 일당과 닮았어,816,110
221,"또 원정도박 의혹, 탁재훈 “그럴 돈 없다” 이종원 “20만원 …",5,2020-09-28 15:27,강성범 자수해라 너하나때문 너의동료들이다친다,679,49
222,"또 원정도박 의혹, 탁재훈 “그럴 돈 없다” 이종원 “20만원 …",6,2020-09-28 15:27,"신라젠, 라임....등등 사회에서 일반인들이 모를때 가세연에서 말했었다 첨엔 무슨 소린가 했었는데 지나고 보니 다 맞더라... 유튜브 찌라시 방송이라고 우습게 볼곳이 아니구나 생각했었다",310,14
223,"또 원정도박 의혹, 탁재훈 “그럴 돈 없다” 이종원 “20만원 …",7,2020-09-28 15:27,김용호 잘하고 있네...좌좀비 연예인은 싹 까발려 주시길.,184,18
224,"또 원정도박 의혹, 탁재훈 “그럴 돈 없다” 이종원 “20만원 …",8,2020-09-28 15:27,김용호부장은 없는 소리 하는걸 본적이 없다 99프로도 아니고 백프로다,172,18
225,"또 원정도박 의혹, 탁재훈 “그럴 돈 없다” 이종원 “20만원 …",9,2020-09-28 15:27,강성범...교민행사 사회 봤다고 변명하던데...도박행사 사회가 교민 행사냐...그리고 그댓가도 칩으로 받았다며...그래놓고 지가 무슨 탄압받는 좌파코스프레나 하고... 다신 방송에서 얼굴 보지말자,158,6
226,"또 원정도박 의혹, 탁재훈 “그럴 돈 없다” 이종원 “20만원 …",10,2020-09-28 15:27,성범아 이종원이 너 봤댄다 이제 이종원도 극우겠네? 탁재훈은 미우새와 방송에 그렇게 자주 나오면서 돈이 없다고? 뻔뻔하네 ㅋㅋㅋ 그나저나 미우새 출연자는 다 왜그러냐 김건모도 그렇고 탁재훈까지 sbs는 출연자 검증 안 하냐,141,12
227,"또 원정도박 의혹, 탁재훈 “그럴 돈 없다” 이종원 “20만원 …",11,2020-09-28 15:27,"좌파성향 연예인들, 도박, 성폭행, 성매매, 하는짓도 똑같고, 발뺌하는것도 똑같고, ,,,지가 도박하고,,그것도 박근혜 탓이냐?,,,한결같네,,내로남불,,강성범 정신차리자,,",96,7
228,"또 원정도박 의혹, 탁재훈 “그럴 돈 없다” 이종원 “20만원 …",12,2020-09-28 15:27,다들 김기자한테 소송 안거네...권상우도 대응 안한다 소리나 하고.진정 억울하면 말하지 말고 소송하셈!,85,3
229,"또 원정도박 의혹, 탁재훈 “그럴 돈 없다” 이종원 “20만원 …",13,2020-09-28 15:27,가세연은 정확한 근거 없으면 말도 안꺼낸다 다 증거가 있으니 하는 말이다 이것둘아!! 어디서 발뺌이야!!!!,74,3
230,"또 원정도박 의혹, 탁재훈 “그럴 돈 없다” 이종원 “20만원 …",14,2020-09-28 15:27,김용호 기자 최고~~~~~!!!!싹다 잡아넣어라!,72,15
231,"또 원정도박 의혹, 탁재훈 “그럴 돈 없다” 이종원 “20만원 …",15,2020-09-28 15:27,김성령 이혼하고 조국과의 관계 강성범 권상우 탁재훈 얘네들 특징 우선 오리발 김성령 김용호 기자 당장 고소하겠다 난리 치더니 아직까지 깜깜 사실이니까 고소 못함.,57,4
232,"또 원정도박 의혹, 탁재훈 “그럴 돈 없다” 이종원 “20만원 …",16,2020-09-28 15:27,사실이면 탁재훈은 재기불능이다,54,2
233,"또 원정도박 의혹, 탁재훈 “그럴 돈 없다” 이종원 “20만원 …",17,2020-09-28 15:27,그니까 강성범이가 솔직히 잘못했다고 하면 이런 애들까지 당하지 않지 왜 일을 키우냐고,50,2
234,"또 원정도박 의혹, 탁재훈 “그럴 돈 없다” 이종원 “20만원 …",18,2020-09-28 15:27,"가세연이 안까발렸으면 승리, 김건모, 라임사태, 조국사태 등등 거의 다 뭍히고 넘어갔다. 그나마 이런 강력한 우파세력이 버텨주니까 이러고있지. 국민의힘당? ㅋㅋㅋㅋㅋ 뭐 다같이만진당에서 뿌락찌 심어놨냐??? 국민의 힘당이라.ㅋㅋㅋㅋㅋㅋㅋ 한심하다",49,4
235,"또 원정도박 의혹, 탁재훈 “그럴 돈 없다” 이종원 “20만원 …",19,2020-09-28 15:27,강성범 악마구나 니가 잘못해서 동료 연예인들 다 죽게생겼는데 주진우 김어준 이동형 한테 빌붙어서 지만 빠져나갈 궁리만 하네 ㅉㅉㅉ,48,3
236,"또 원정도박 의혹, 탁재훈 “그럴 돈 없다” 이종원 “20만원 …",20,2020-09-28 15:27,시간이 지나면 가세연의 의혹은 진실이된다.,47,5
237,"탁재훈 “필리핀 원정도박? 그럴 돈 없어, 법적대응”",1,2020-09-28 15:27,옛날 마약하고도 부인하지 않았나? 가세연은 쓰레기 연예인 좀 더 정화해라. 김건모 사건은 어떻게 됐나?,46,13
238,"탁재훈 “필리핀 원정도박? 그럴 돈 없어, 법적대응”",2,2020-09-28 15:27,일단. 노랑리본. 다세요. 김오줌방송출연. 하시구요. 달창맘까페에서 문슬람뱃지도. 구매하세길,31,3
239,"탁재훈 “필리핀 원정도박? 그럴 돈 없어, 법적대응”",3,2020-09-28 15:27,가세연 말이 거짓인적 있었나.. 오거돈 김건모 윤지호 등등.. 암튼 지켜봅시다..,34,19
240,"탁재훈 “필리핀 원정도박? 그럴 돈 없어, 법적대응”",4,2020-09-28 15:27,김용호는 지금 증거 다 가지고 있다더라...부인할 수록 더 더러워진다. 그냥 가만히 있어라. 김건모 꼴 안나려면...,20,6
241,"탁재훈 “필리핀 원정도박? 그럴 돈 없어, 법적대응”",5,2020-09-28 15:27,탁재훈은 진짜 도박할 돈 자체가 없어요 ㅠㅠ ㅋㅋㅋㅋ,5,0
242,"탁재훈 “필리핀 원정도박? 그럴 돈 없어, 법적대응”",6,2020-09-28 15:27,그럴 돈 있을텐데....,3,0
243,"탁재훈 “필리핀 원정도박? 그럴 돈 없어, 법적대응”",7,2020-09-28 15:27,돈 없는데 법적대응을 어떻게 햐? ㅋㅋ 그냥 그러려니 해야지!,3,1
244,"탁재훈 “필리핀 원정도박? 그럴 돈 없어, 법적대응”",8,2020-09-28 15:27,강성범을 원망하세요 탁사마니뮤,2,0
245,"탁재훈 “필리핀 원정도박? 그럴 돈 없어, 법적대응”",9,2020-09-28 15:27,세살버릇 여든까지 간다는 옛말이 있다.,2,0
246,"탁재훈 “필리핀 원정도박? 그럴 돈 없어, 법적대응”",10,2020-09-28 15:27,도박은 돈없어도 하는거 다 알면서 왜그러시나 ㅋㅋㅋ 내돈만 돈이냐 남한테 빌리는돈도 내돈이지,1,0
247,"탁재훈 “필리핀 원정도박? 그럴 돈 없어, 법적대응”",11,2020-09-28 15:27,아~~~탁재훈 건들지 마라~~!! 진짜!! 왜 가짜 찌라시 뿌리냐!!,1,0
248,"탁재훈 “필리핀 원정도박? 그럴 돈 없어, 법적대응”",12,2020-09-28 15:27,잘가라 탁씨~~신정환하고 같이 필리핀에서 아이스크림 팔면된다,1,0
249,"탁재훈 “필리핀 원정도박? 그럴 돈 없어, 법적대응”",13,2020-09-28 15:27,잘 가시게! 추석을 맞이하여 감방 앞으로.,1,0
250,"탁재훈 “필리핀 원정도박? 그럴 돈 없어, 법적대응”",14,2020-09-28 15:27,탁재훈 끝.. 미운오래새끼 하차 확정!!!,3,3
251,"탁재훈 “필리핀 원정도박? 그럴 돈 없어, 법적대응”",15,2020-09-28 15:27,가장 믿음안가는 연예인중하나 ㅎㅎ,1,1
252,"탁재훈 “필리핀 원정도박? 그럴 돈 없어, 법적대응”",16,2020-09-28 15:27,ㅋㅋㅋㅋ 그럴돈 없대..ㅋㅋ,0,0
253,"탁재훈 “필리핀 원정도박? 그럴 돈 없어, 법적대응”",17,2020-09-28 15:27,돈없는데 필리핀 지인이란 도박단 만나러는 왜캐 많이 놀러갔는지? 돈없어서 도박못했다면서 소송 변호사비는 있나봐? 아님 스폰이 있나?,0,0
254,"탁재훈 “필리핀 원정도박? 그럴 돈 없어, 법적대응”",18,2020-09-28 15:27,터트리고 돈받아먹고..사실이냐 거짓이냐가 중요한게 아닌 이유야 처벌 받아봐야 구속도 아니구 벌금이나 나오니 이러니 가짜 뉴스가 만연하지,0,0
255,"탁재훈 “필리핀 원정도박? 그럴 돈 없어, 법적대응”",19,2020-09-28 15:27,탁재훈은 왜 건드려... 강성범이 여럿 죽이네,0,0
256,"검사시간 10초, 정확도 94%…냄새로 코로나 환자 찾아내는 …",1,2020-09-28 15:27,나는 저 강아지가 걸릴까 걱정이 되는데,100,3
257,"검사시간 10초, 정확도 94%…냄새로 코로나 환자 찾아내는 …",2,2020-09-28 15:27,하여간 인간은 이기적이지 지들밖에 몰라요,14,1
258,"검사시간 10초, 정확도 94%…냄새로 코로나 환자 찾아내는 …",3,2020-09-28 15:27,탐지견도 코로나걸릴것같은디?동물 학대아니냐!,10,0
259,"검사시간 10초, 정확도 94%…냄새로 코로나 환자 찾아내는 …",4,2020-09-28 15:27,개 잘 생겼네,6,0
260,"검사시간 10초, 정확도 94%…냄새로 코로나 환자 찾아내는 …",5,2020-09-28 15:27,저 개가 걸리고 걸린 개가 돌아다니면서 바이러스 퍼트리면...?,4,0
261,"검사시간 10초, 정확도 94%…냄새로 코로나 환자 찾아내는 …",6,2020-09-28 15:27,개도 인간과 똑같이 코로나 감염 된다고 밝혀졌는데 이게 무슨짓인지..,3,0
262,"검사시간 10초, 정확도 94%…냄새로 코로나 환자 찾아내는 …",7,2020-09-28 15:27,"우리가 싼 * 우리가 치우자.... 본인들 놀 거 다 놀고, 하고싶은 거 다 하고 퍼질대로 퍼진 코로나를 왜 저 똑똑한 개들이.... 굳이.. 안내견 같은 더 좋은 일 하게 내버려둬 ㅠㅠ 진짜 이기적이야",2,0
263,"검사시간 10초, 정확도 94%…냄새로 코로나 환자 찾아내는 …",8,2020-09-28 15:27,"PCR을 한국어로 쓰는 것도 민족주의 치사량인 것 같지만, 그걸 피씨알도 아니고 피씨아르라고 쓰는 표기법은 진짜 어디서 많이 본거 아니냐?",1,1
264,"검사시간 10초, 정확도 94%…냄새로 코로나 환자 찾아내는 …",9,2020-09-28 15:27,"의미없는 이야기.. ‘이런 뛰어난 후각을 활용해 암, 당뇨병, 뇌전증 발작 등을 미리 아는 데 활용하려는 연구가 이뤄진다.’했지만, 십수년간 암,당뇨병을 대상으로 연구해도 답없는데.. ㅎㅎ",0,0
265,"검사시간 10초, 정확도 94%…냄새로 코로나 환자 찾아내는 …",10,2020-09-28 15:27,동물학대 아닌가?,0,0
266,"검사시간 10초, 정확도 94%…냄새로 코로나 환자 찾아내는 …",11,2020-09-28 15:27,이게 말이되나 가능한일인가????????????????,0,0
267,"검사시간 10초, 정확도 94%…냄새로 코로나 환자 찾아내는 …",12,2020-09-28 15:27,역쉬 개와 사람은 불가분 관계로다 개 가 얼마나 사람에게 유익 한 반려동물인지 알수 있다,0,0
268,"검사시간 10초, 정확도 94%…냄새로 코로나 환자 찾아내는 …",13,2020-09-28 15:27,으이구 인간들이 하는 짓거리하고는,0,0
269,"검사시간 10초, 정확도 94%…냄새로 코로나 환자 찾아내는 …",14,2020-09-28 15:27,검사하다가 개만 코로나걸리겠다~~!!,0,0
270,"검사시간 10초, 정확도 94%…냄새로 코로나 환자 찾아내는 …",15,2020-09-28 15:27,개 신기하네 ㅋㅋ 좀비물도 아니고 감염자를 알아보는 개 ㄷㄷ,0,0
271,"검사시간 10초, 정확도 94%…냄새로 코로나 환자 찾아내는 …",16,2020-09-28 15:27,우리에게 많은 도움을 주는 개... 중국인들은 먹을 생각만 하겠지,0,0
272,"검사시간 10초, 정확도 94%…냄새로 코로나 환자 찾아내는 …",17,2020-09-28 15:27,멍뭉이들 건강 에 해로운건 아니져???ㅜㅡㅜㅜㅡㅜ,0,0
273,"검사시간 10초, 정확도 94%…냄새로 코로나 환자 찾아내는 …",18,2020-09-28 15:27,이런걸 동물학대라고 하는가?,0,0
274,"검사시간 10초, 정확도 94%…냄새로 코로나 환자 찾아내는 …",19,2020-09-28 15:27,인간의 이기적 행동으로 세상에 없는 코로나 등장 시킨것을 잊지말자.!,0,0
275,"""상자에 구멍 허락해달라""…마트노조원이 거리로 나선 이유",1,2020-09-28 15:27,맞는말이다 상자에 구멍을 뚫어줘야 우리도 들고오기쉽지,83,1
276,"""상자에 구멍 허락해달라""…마트노조원이 거리로 나선 이유",2,2020-09-28 15:27,이번 총선에 사용된 투표용지 박스를 이용하세요. 손잡이용 구멍이 커도커도 너무 커서 밖에서 표를 던져도 들어갈 정도니깐요.,85,18
277,"""상자에 구멍 허락해달라""…마트노조원이 거리로 나선 이유",3,2020-09-28 15:27,"위에 계신 분들은 제발 현장 노동자들의 말에 귀를 기울여서 노동 환경 좀 개선해 줍시다! 이분들 대부분이 우리 가정의 아빠, 엄마, 자식들 아닙니까?",29,1
278,"""상자에 구멍 허락해달라""…마트노조원이 거리로 나선 이유",4,2020-09-28 15:27,상자에 손잡이좀 만들어 달라는데 지금까지 안 만들어준건 무슨 심보인지,21,2
279,"""상자에 구멍 허락해달라""…마트노조원이 거리로 나선 이유",5,2020-09-28 15:27,쓰는사람들 쓰기 편하게 완전밀폐포장아니면 상자 제작할때부터 손잡이 달아서 납품해줘라 히트칠텐데,7,0
280,"""상자에 구멍 허락해달라""…마트노조원이 거리로 나선 이유",6,2020-09-28 15:27,이런건 개선 필요.,3,0
281,"""상자에 구멍 허락해달라""…마트노조원이 거리로 나선 이유",7,2020-09-28 15:27,뭐야 구멍 막은거였어? 난또 요새 왜 박스에 구멍 없나 했네.. 들고 다니기 편하게 구멍 만들어줘라. 진짜 불편하다,3,0
282,"""상자에 구멍 허락해달라""…마트노조원이 거리로 나선 이유",8,2020-09-28 15:27,소주박스 제일 시급함20병한상자 박스 미글미글하고 들고 오르기도 힘듬,3,0
283,"""상자에 구멍 허락해달라""…마트노조원이 거리로 나선 이유",9,2020-09-28 15:27,상자에 구멍 뚫어놓으면 벌레가 들어간다. 구멍 뚫는거 반대임. 다른 대안 찾길 바랍니다.,2,1
284,"""상자에 구멍 허락해달라""…마트노조원이 거리로 나선 이유",10,2020-09-28 15:27,쥐가 들어가서 파먹기 딱 좋네,1,0
285,"""상자에 구멍 허락해달라""…마트노조원이 거리로 나선 이유",11,2020-09-28 15:27,조만간 로봇으로 싹교체될듯..,1,0
286,"""상자에 구멍 허락해달라""…마트노조원이 거리로 나선 이유",12,2020-09-28 15:27,에먼 정치싸움 그만하고 이런 실질적인 노동환경 개선부터해라,1,0
287,"""상자에 구멍 허락해달라""…마트노조원이 거리로 나선 이유",13,2020-09-28 15:27,"소비자 입장에서도 박스구멍 필요한데, 업체 입장에서 박스에 구만하나 덜 뚫으니 비용절감되는거지...어차피 과대포장으로 내용물 상할 일은 없는데....",1,0
288,"""상자에 구멍 허락해달라""…마트노조원이 거리로 나선 이유",14,2020-09-28 15:27,좋은생각이네요. 어차피 물건사고 담아 오려면 가위로 뚫어야하는 불편함이 있던데,1,0
289,"""상자에 구멍 허락해달라""…마트노조원이 거리로 나선 이유",15,2020-09-28 15:27,인건비 안들게 사람 안쓰고 기계가 나은 듯,1,1
290,"""상자에 구멍 허락해달라""…마트노조원이 거리로 나선 이유",16,2020-09-28 15:27,마트 노동자를 개돼지로 보는 건가? 그게 아닌 이상 사람들이 이지경이 되도록 박스에 구멍 하나 안 뚫는 게 말이 되나?,0,0
291,"""상자에 구멍 허락해달라""…마트노조원이 거리로 나선 이유",17,2020-09-28 15:27,하는김에 무동력 웨어러블 파워 슈츠를 도입하면 될듯.,0,0
292,"""상자에 구멍 허락해달라""…마트노조원이 거리로 나선 이유",18,2020-09-28 15:27,빨리 산업로봇으로 대체 되어 편하게 노동자가 쉴수 있는 시대가 당겨지길!,0,0
293,"""상자에 구멍 허락해달라""…마트노조원이 거리로 나선 이유",19,2020-09-28 15:27,상자에 손가락에 힘주고 팍하면 구멍뚫립니다. 일해봐서 아는데 구멍뚫을수있습니다.뚫으세요,0,0
294,"[영상] ""천식 있으니 제발 놔달라""…마스크 안 쓴 여성 테이…  경찰이 한 여성을 붙잡습니다. 여성은 거칠게 반응합니다. 소리도 지릅니다. 마스크 때문에 이렇게 체포할 수 없는 것이라…",1,2020-09-28 15:27,천식 있으니 마스크 쓰지 않는 건 인정.. 근데 그럼 관람석에서 나가라면 나가야지.,2403,14
295,"[영상] ""천식 있으니 제발 놔달라""…마스크 안 쓴 여성 테이…  경찰이 한 여성을 붙잡습니다. 여성은 거칠게 반응합니다. 소리도 지릅니다. 마스크 때문에 이렇게 체포할 수 없는 것이라…",2,2020-09-28 15:27,마스크쓰라했는대 쓰지도않고 관람석을 떠나라했는대 떠나지도 않고 맞을짓 했네..대한민국에도 저런 공권력은 행사해야한다.,668,17
296,"[영상] ""천식 있으니 제발 놔달라""…마스크 안 쓴 여성 테이…  경찰이 한 여성을 붙잡습니다. 여성은 거칠게 반응합니다. 소리도 지릅니다. 마스크 때문에 이렇게 체포할 수 없는 것이라…",3,2020-09-28 15:27,천식있다고 마스크 못 쓴다는거는 개소리임 천식있는 사람들 다 잘만 쓰고다님 그리고 마스크쓰기 싫으면 경기장에 안 와야지 본인잘못,629,26
297,"[영상] ""천식 있으니 제발 놔달라""…마스크 안 쓴 여성 테이…  경찰이 한 여성을 붙잡습니다. 여성은 거칠게 반응합니다. 소리도 지릅니다. 마스크 때문에 이렇게 체포할 수 없는 것이라…",4,2020-09-28 15:27,천식환자가이 시국에 왜 돌이아다니나? 이건 공권력을 제대로 쓴것임.,205,7
298,"[영상] ""천식 있으니 제발 놔달라""…마스크 안 쓴 여성 테이…  경찰이 한 여성을 붙잡습니다. 여성은 거칠게 반응합니다. 소리도 지릅니다. 마스크 때문에 이렇게 체포할 수 없는 것이라…",5,2020-09-28 15:27,천식 있으면 더더욱 감염위험이 않은데당연히 마스크해야지,88,7
299,"[영상] ""천식 있으니 제발 놔달라""…마스크 안 쓴 여성 테이…  경찰이 한 여성을 붙잡습니다. 여성은 거칠게 반응합니다. 소리도 지릅니다. 마스크 때문에 이렇게 체포할 수 없는 것이라…",6,2020-09-28 15:27,나도 천식있다.....작년에 호흡관란으로 119 응급차만 4번탓다...특히나 가을철 심하지..! 천식이 있으면 마스크 쓰면 호흡하기 힘든건 사실...그러면 저런 풋볼경기장 ..다중이 이용하는곳에는 가질 말았어야지.........내자유는 맘껏 누리고 싶고...마인드가 썩었어...,42,0
300,"[영상] ""천식 있으니 제발 놔달라""…마스크 안 쓴 여성 테이…  경찰이 한 여성을 붙잡습니다. 여성은 거칠게 반응합니다. 소리도 지릅니다. 마스크 때문에 이렇게 체포할 수 없는 것이라…",7,2020-09-28 15:27,천식때문에 마스크 못쓸 상황이면 이시국에 공공장소는 피해야 되는게 상식아니냐? 천식있다고 코로나 안걸린다는법 없고 또 남에게 감염안시킨다는 보장 없잖냐~ 네가 존중받고싶으면 남들도 존중해줘야지~,28,1
301,"[영상] ""천식 있으니 제발 놔달라""…마스크 안 쓴 여성 테이…  경찰이 한 여성을 붙잡습니다. 여성은 거칠게 반응합니다. 소리도 지릅니다. 마스크 때문에 이렇게 체포할 수 없는 것이라…",8,2020-09-28 15:27,천식잇고.. 마스크 쓰기 싫으면.. 기어나오지 말아야지.. 꼬시다..,12,0
302,"[영상] ""천식 있으니 제발 놔달라""…마스크 안 쓴 여성 테이…  경찰이 한 여성을 붙잡습니다. 여성은 거칠게 반응합니다. 소리도 지릅니다. 마스크 때문에 이렇게 체포할 수 없는 것이라…",9,2020-09-28 15:27,엥? 나도 천식인데 마스크 쓰는데? 기저질환이 있으면 더더욱 써야지.,7,1
303,"[영상] ""천식 있으니 제발 놔달라""…마스크 안 쓴 여성 테이…  경찰이 한 여성을 붙잡습니다. 여성은 거칠게 반응합니다. 소리도 지릅니다. 마스크 때문에 이렇게 체포할 수 없는 것이라…",10,2020-09-28 15:27,잘했네 변명질 짓거리 그냥 총살했어야지 특히 대한민국 마스크 미착용 자들 모조리 총살 했으면.,10,5
304,"[영상] ""천식 있으니 제발 놔달라""…마스크 안 쓴 여성 테이…  경찰이 한 여성을 붙잡습니다. 여성은 거칠게 반응합니다. 소리도 지릅니다. 마스크 때문에 이렇게 체포할 수 없는 것이라…",11,2020-09-28 15:27,천식이있고 마스크를 쓸수없으면 안가야지.왜 가냐? 개념없다. 나만 줄거우면된달건가?,5,0
305,"[영상] ""천식 있으니 제발 놔달라""…마스크 안 쓴 여성 테이…  경찰이 한 여성을 붙잡습니다. 여성은 거칠게 반응합니다. 소리도 지릅니다. 마스크 때문에 이렇게 체포할 수 없는 것이라…",12,2020-09-28 15:27,경찰은 죄가없는듯,5,0
306,"[영상] ""천식 있으니 제발 놔달라""…마스크 안 쓴 여성 테이…  경찰이 한 여성을 붙잡습니다. 여성은 거칠게 반응합니다. 소리도 지릅니다. 마스크 때문에 이렇게 체포할 수 없는 것이라…",13,2020-09-28 15:27,천식이 있어서 마스크를 못쓸상황이면 그 사람많은곳에 가지를 말아야지...진짜 인간도 가지가지다,5,0
307,"[영상] ""천식 있으니 제발 놔달라""…마스크 안 쓴 여성 테이…  경찰이 한 여성을 붙잡습니다. 여성은 거칠게 반응합니다. 소리도 지릅니다. 마스크 때문에 이렇게 체포할 수 없는 것이라…",14,2020-09-28 15:27,예외 규정이라는 것도 그 사람이 다른 사람들에게 피해를 주지 않는 한도 내에서 적용이 되는 것이라고 봅니다. 경찰이 마스크 착용을 요구했고 천식을 이유로 마스크 착용이 힘들다면 다른 사람들을 위해 관람석을 벗어났어야 한다고 봅니다. 예외 규정이 있으니 자기 마음대로 행동해도 되는 권리를 얻은 것은 아니죠. 그리고 천식 환자가 이 시국에 굳이 중요하지도 않는 스포츠 경기 관람을 위해 마스크도 안 쓰고 돌아다니는 것도 난센스라고 봅니다.,5,0
308,"[영상] ""천식 있으니 제발 놔달라""…마스크 안 쓴 여성 테이…  경찰이 한 여성을 붙잡습니다. 여성은 거칠게 반응합니다. 소리도 지릅니다. 마스크 때문에 이렇게 체포할 수 없는 것이라…",15,2020-09-28 15:27,천식 있으면 코로나19에 굉장히 취약한거 아닌가?? 왜 밖으로 싸돌아 다니나?? 마스크도 안쓰고??,5,0
309,"[영상] ""천식 있으니 제발 놔달라""…마스크 안 쓴 여성 테이…  경찰이 한 여성을 붙잡습니다. 여성은 거칠게 반응합니다. 소리도 지릅니다. 마스크 때문에 이렇게 체포할 수 없는 것이라…",16,2020-09-28 15:27,이런 사정 저런 사정...사정 없는 사람 있나? 천식이 있고 마스크 못 쓸 상황이면 경기를 안보거나 다른 방법을 찾았어야지..ㅡ,5,0
310,"[영상] ""천식 있으니 제발 놔달라""…마스크 안 쓴 여성 테이…  경찰이 한 여성을 붙잡습니다. 여성은 거칠게 반응합니다. 소리도 지릅니다. 마스크 때문에 이렇게 체포할 수 없는 것이라…",17,2020-09-28 15:27,천식등의 호흡기 질환이 있으면 코로나에 더 취약한데 스스로를 지키기 위해 더 써야 하는 것 아닌가?,5,0
311,"[영상] ""천식 있으니 제발 놔달라""…마스크 안 쓴 여성 테이…  경찰이 한 여성을 붙잡습니다. 여성은 거칠게 반응합니다. 소리도 지릅니다. 마스크 때문에 이렇게 체포할 수 없는 것이라…",18,2020-09-28 15:27,천식이 있어서 마스크못낀거면 나가달라할때 나가면됬자나,5,1
312,"[영상] ""천식 있으니 제발 놔달라""…마스크 안 쓴 여성 테이…  경찰이 한 여성을 붙잡습니다. 여성은 거칠게 반응합니다. 소리도 지릅니다. 마스크 때문에 이렇게 체포할 수 없는 것이라…",19,2020-09-28 15:27,천식이 있다고 테이저건 맞기 전에 어필하고 그래도 안되면 일단 나가서 불만을 제기해야지 이미 나가라고 경찰이 말하는데 내가 생각이 맞고 내 말이 맞으니 뻐팅기는건 테이저건 맞을만하지,4,0
313,"[영상] ""천식 있으니 제발 놔달라""…마스크 안 쓴 여성 테이…  경찰이 한 여성을 붙잡습니다. 여성은 거칠게 반응합니다. 소리도 지릅니다. 마스크 때문에 이렇게 체포할 수 없는 것이라…",20,2020-09-28 15:27,천식이 벼슬이냐... 사람모여있는장소로 나가질 말던가 ㅉㅉ,4,0
314,"전 남친의 질투, 결혼 피로연이 피로 물들다",1,2020-09-28 15:27,태국도 이제 여행갈곳이 못되는구나.. ㄷㄷ 맘만먹으면 미허가 총가지고 돈뜯고 살해당할수도 있네..,110,3
315,"전 남친의 질투, 결혼 피로연이 피로 물들다",2,2020-09-28 15:27,재목에 머리글 써라. (태국) 이라고.,87,2
316,"전 남친의 질투, 결혼 피로연이 피로 물들다",3,2020-09-28 15:27,우리나라가 총기허용이면 결혼식장마다 총알파티 날수도있다,51,0
317,"전 남친의 질투, 결혼 피로연이 피로 물들다",4,2020-09-28 15:27,코로나여서 해외 여행 자제인데 뭐 우리 국민은 총격에 화형까지 당했는데 북한관광허용 법안 통과 시키려고 하는되뭐,51,4
318,"전 남친의 질투, 결혼 피로연이 피로 물들다",5,2020-09-28 15:27,제목만보고 난 또 절라도 인줄 알았네,28,16
319,"전 남친의 질투, 결혼 피로연이 피로 물들다",6,2020-09-28 15:27,베트남 태국에는 더 이상 여행갈 곳 못됨. 그리고 태국 처녀들 성에 엄청 문란하기로 소문남. 국제결혼 조심해야 함.,9,5
320,"전 남친의 질투, 결혼 피로연이 피로 물들다",7,2020-09-28 15:27,우리나라 총기소지못하는거 진짜 만번잘했음.사형제도도 부활시켜야됨.인간같지않은것들 다죽여야됨. 죽임당한사람은 죽고없고 죽인사람은 세금으로살아가고. 이건아니지,5,1
321,"전 남친의 질투, 결혼 피로연이 피로 물들다",8,2020-09-28 15:27,지금 이걸 왜 메인에 올리나?부정선거 국제조사단 온다드라 그거 알아봐야징~,4,0
322,"전 남친의 질투, 결혼 피로연이 피로 물들다",9,2020-09-28 15:27,저총이 ㅇㅇ를 겨냥 했으면,4,0
323,"전 남친의 질투, 결혼 피로연이 피로 물들다",10,2020-09-28 15:27,남자때문에 인생 망하는 여자는 있어도 남자 없어서 인생 망하는 여자는 없다,2,0
324,"전 남친의 질투, 결혼 피로연이 피로 물들다",11,2020-09-28 15:27,미국살 때 태국친구들이 하는 말이 태국인들은 앞에선 웃지만 뒤에서 칼꼿는 사람들이니 늘 상냥하다고 안심하면 안된다고,2,0
325,"전 남친의 질투, 결혼 피로연이 피로 물들다",12,2020-09-28 15:27,태국은 역시 ㄷㄷ 7시 이야기인줄,1,0
326,"전 남친의 질투, 결혼 피로연이 피로 물들다",13,2020-09-28 15:27,우리도 총기허용좀 해주세요^^,1,0
327,"전 남친의 질투, 결혼 피로연이 피로 물들다",14,2020-09-28 15:27,우리나라도 총기허용했으면 더했으면 더했겠다ㄷㄷ,1,0
328,"전 남친의 질투, 결혼 피로연이 피로 물들다",15,2020-09-28 15:27,태국도 총기허용국이구나놀러안가야겠다 이젠,1,0
329,"전 남친의 질투, 결혼 피로연이 피로 물들다",16,2020-09-28 15:27,총기 허용나라 리스트 뽑아서 절대 안가야겠다 예전에 태국 갔다왔는데 생각만해도 아찔하구나.. 미국좋아하지마세요 괜히 갔다가 인종차별이나 당하고 어디서 날라온지도 모르는 총알에 골로 갈지도 모릅니다 실상 많은 이들이 저렇게 죽었다죠..,1,0
330,"전 남친의 질투, 결혼 피로연이 피로 물들다",17,2020-09-28 15:27,중국 기사보다는 낫지만 굳이 이소식을 전할필요가....,1,0
331,"전 남친의 질투, 결혼 피로연이 피로 물들다",18,2020-09-28 15:27,총을 허용하는 이유는 총기업체의 로비때문이지. 그래야 총기업체가 돈을 벌자나.,1,0
332,"전 남친의 질투, 결혼 피로연이 피로 물들다",19,2020-09-28 15:27,한국 같았으면 매년 100만명이 총기로 다칠거다..특히 여자들이..,1,0
333,"전 남친의 질투, 결혼 피로연이 피로 물들다",20,2020-09-28 15:27,결혼식 민폐갑이네,0,0
334,"[영상] ""살지 못한다면 마지막 인사""…인도 건물 붕괴 매몰 …",1,2020-09-28 15:27,감사하며살자 얼마나 좋은세상이냐 전쟁없는 한세대 사는것만으로도,168,4
335,"[영상] ""살지 못한다면 마지막 인사""…인도 건물 붕괴 매몰 …",2,2020-09-28 15:27,본인은 살았지만 동생과 자식이 사망하다니.. 살아도 산 게 아니겠네요..,66,2
336,"[영상] ""살지 못한다면 마지막 인사""…인도 건물 붕괴 매몰 …",3,2020-09-28 15:27,숨쉬고 있음에 감사를.구조되서 덩말 다행.,26,0
337,"[영상] ""살지 못한다면 마지막 인사""…인도 건물 붕괴 매몰 …",4,2020-09-28 15:27,인도의 삶자체가 이번생은~ 라는 개념이라 죽음을 맞이하는 태도부터 이념까지 틀리다고합니다.이번생은 수은중독에 비루한삶일지라도 다음생을 기약하기에 현재의 삶속에서 욕심없이 살수있다고하네요 이색적이고 뭔가모를 신비한 나라이지만 국가마다 삶을지향하는이념들이 다르니 우리나라 이념과는 동떨어져서 이상하게 보일수도있겠지만 전 가끔 인도의 삶의 윤리관이 부럽기도합니다. 부디 다시 부여받은생명 행복하시길바래요,31,9
338,"[영상] ""살지 못한다면 마지막 인사""…인도 건물 붕괴 매몰 …",5,2020-09-28 15:27,진정 다행입니다,6,0
339,"[영상] ""살지 못한다면 마지막 인사""…인도 건물 붕괴 매몰 …",6,2020-09-28 15:27,왜 신에게 감사를 하냐 구해준 사람한테 감사를 해야지,2,0
340,"[영상] ""살지 못한다면 마지막 인사""…인도 건물 붕괴 매몰 …",7,2020-09-28 15:27,다음생은 한국에서 태어나길,2,0
341,"[영상] ""살지 못한다면 마지막 인사""…인도 건물 붕괴 매몰 …",8,2020-09-28 15:27,범사에 감사~^^,1,0
342,"[영상] ""살지 못한다면 마지막 인사""…인도 건물 붕괴 매몰 …",9,2020-09-28 15:27,"가슴이,아프네ㅜㅜ",1,0
343,"[영상] ""살지 못한다면 마지막 인사""…인도 건물 붕괴 매몰 …",10,2020-09-28 15:27,그놈의 신 타령은!,1,1
344,"[영상] ""살지 못한다면 마지막 인사""…인도 건물 붕괴 매몰 …",11,2020-09-28 15:27,트라우마 잘 극복하면서 살아기시길...몸도 몸이지만 자식과 동생 잃은 슬픔을 어찌 잊을수 있을까요...,0,0
345,"[영상] ""살지 못한다면 마지막 인사""…인도 건물 붕괴 매몰 …",12,2020-09-28 15:27,잘~살고 잘~죽는건 최고의 축복♡잘 살때 영원히 살것처럼 교만한 우리ᆢ잘 죽는걸 준비하는 사람이 이시대 지혜자겠지?,0,0
346,"[영상] ""살지 못한다면 마지막 인사""…인도 건물 붕괴 매몰 …",13,2020-09-28 15:27,살아남으면 밤낮 안가리고 구조활동 펼친 구조대원에게 감사해야지. 종교쟁이들은 저게 맘에 안들어.,0,0
347,"[영상] ""살지 못한다면 마지막 인사""…인도 건물 붕괴 매몰 …",14,2020-09-28 15:27,사실 우리의 매일매일이 감사한 삶이다,0,0
348,"[영상] ""살지 못한다면 마지막 인사""…인도 건물 붕괴 매몰 …",15,2020-09-28 15:27,왠 김어준이가 저기에 있냐,0,0
349,"[영상] ""살지 못한다면 마지막 인사""…인도 건물 붕괴 매몰 …",16,2020-09-28 15:27,슬퍼요,0,0
350,"[영상] ""살지 못한다면 마지막 인사""…인도 건물 붕괴 매몰 …",17,2020-09-28 15:27,멋진 남성이다,0,0
351,"[영상] ""살지 못한다면 마지막 인사""…인도 건물 붕괴 매몰 …",18,2020-09-28 15:27,삼풍!,0,0
352,"[영상] ""살지 못한다면 마지막 인사""…인도 건물 붕괴 매몰 …",19,2020-09-28 15:27,건물이 붕괴하다니 나라마다 근심걱정은 다있군요. 한국은 다 때려부수고 계속 새로 짓지요.,0,0
353,"""너무나 두려웠다""…패션계 거물, 모델 성폭행 혐의로 피소",1,2020-09-28 15:27,세상은 원래 양면성을 가지고 있지...화려한 성공뒤에는 추악한 비리가 왜 없겠는가? 안간이 문화를 가진이후로 계속되어 왔는데. 종교비리는 없을까? ㅋㅋ,75,8
354,"""너무나 두려웠다""…패션계 거물, 모델 성폭행 혐의로 피소",2,2020-09-28 15:27,상납인지 폭행인지 명확히 조사해라.,55,35
355,"""너무나 두려웠다""…패션계 거물, 모델 성폭행 혐의로 피소",3,2020-09-28 15:27,"한심한 댓글!,. 가수,모델은 보기에 단순해 보이는 직업으로 보이지? 얼마나 피나는 노력과 자기 몸 관리가 우선인 직업이네요. 패션업계,미용업계,화장품 업계,서비스 업종 여성들이 성폭행 당하기 쉬운게, 남들이 얕보는 일들도 있고 특히, 사장들하며 남성들 성욕구 대상으로 보고, 건든거에 신고하면 여성 탓하는 법조인들이 문제인겁니다.",14,3
356,"""너무나 두려웠다""…패션계 거물, 모델 성폭행 혐의로 피소",4,2020-09-28 15:27,그로 인해 성공하는데 큰 도움을 받았다면 쌍방이 문제 아닌가요?,10,2
357,"""너무나 두려웠다""…패션계 거물, 모델 성폭행 혐의로 피소",5,2020-09-28 15:27,"프랑스,독일까지 가자는 멍청한 문빠와 북한 사랑, 전라도 출신 인간들은 대가리가 깨져도 좋다고 합니다. 유럽국가 보기에 선진국이지, 그 내부안은 빈부격차 심하고 의료 진료서비스 엉망이고, 게이가 많아, 에이즈 환자에, 출산율도 낮습니다. 무분별한 성문화 나라가 좋다는 대깨문들!.",5,1
358,"""너무나 두려웠다""…패션계 거물, 모델 성폭행 혐의로 피소",6,2020-09-28 15:27,그때 그게 싫어서 정당하게 거부하고 성공을 포기한 여자들에게 미안함은 가지고 있을까??,4,0
359,"""너무나 두려웠다""…패션계 거물, 모델 성폭행 혐의로 피소",7,2020-09-28 15:27,몸을 팔아 성공했다는 죄책감을 지우고 싶어 발악을 하는구나.,16,13
360,"""너무나 두려웠다""…패션계 거물, 모델 성폭행 혐의로 피소",8,2020-09-28 15:27,원치 않는 관계를 억압적으로 하면 범죄입니다.,3,0
361,"""너무나 두려웠다""…패션계 거물, 모델 성폭행 혐의로 피소",9,2020-09-28 15:27,우리나라는 더듬어만저당의 지자체장과 국개의원을 전수조사를 하면 엄청나올 것 같은데,2,0
362,"""너무나 두려웠다""…패션계 거물, 모델 성폭행 혐의로 피소",10,2020-09-28 15:27,일단 성공은 했고 ..... 음 ......,2,0
363,"""너무나 두려웠다""…패션계 거물, 모델 성폭행 혐의로 피소",11,2020-09-28 15:27,음 알수 없다~~ 누구는 성공을 위하여 한 두번 대주고 하는것도 사실이고 여권상승으로 성인지 감수성이라는 말장난 만들어서 남성과의 성관계를 범죄화하여 암묵적 동의를 여성의 일방적인 주장으로도 범죄화 가능,2,0
364,"""너무나 두려웠다""…패션계 거물, 모델 성폭행 혐의로 피소",12,2020-09-28 15:27,전세계 성폭력및 인신매매 단절이 되는 그날까지 WWG1WGA,2,0
365,"""너무나 두려웠다""…패션계 거물, 모델 성폭행 혐의로 피소",13,2020-09-28 15:27,"이런 기사들 보면 왜 그 당시에는 신고 안 했을가?이득을 보니깐 신고를 안 한거지, 이젠 살만하니 신고 하는거지.그성별 ㅋㅋㅋ",3,2
366,"""너무나 두려웠다""…패션계 거물, 모델 성폭행 혐의로 피소",14,2020-09-28 15:27,꿀빨다가 신고하네란 생각뿐 당시에 신고했어야지,2,1
367,"""너무나 두려웠다""…패션계 거물, 모델 성폭행 혐의로 피소",15,2020-09-28 15:27,이뉴스 문빠들이랑 더불어 만지당은 싫어 합니다... 피해자들한테 그동안 뭐했냐고 ..오랜시간동안 아무말안하는건 화간이라 떠들던 애들 입니다...,2,1
368,"""너무나 두려웠다""…패션계 거물, 모델 성폭행 혐의로 피소",16,2020-09-28 15:27,헐리웃 실력자 와인스틴에게 내로라하는 헐리웃 톱스타 여배우들을 포함해서 100명 넘게 당한 걸 보면 당시 모델 업계는 더했겠지,1,0
369,"""너무나 두려웠다""…패션계 거물, 모델 성폭행 혐의로 피소",17,2020-09-28 15:27,"최근 시민장을, 어떻게 생각하십니까? 물으면.. 뭐라고 답할까",1,0
370,"[뉴스딱] ""살아남게 된다면…"" 붕괴된 건물서 아내에 영상 …",1,2020-09-28 15:27,대한민국 공무원이 북한에 표류해 구조 요청해도 북한군.개정은이 총살하고 화형시켰다.....죽으면서 문죄인.대한민국정부 원망하고 죽었을거다....문죄인정부는 고인이 월북하고 개정은 쪽지 사과에 유시민이 계몽군주라 칭송중입니다 고인을 2차가해하는 중입니다....,179,56
371,"[뉴스딱] ""살아남게 된다면…"" 붕괴된 건물서 아내에 영상 …",2,2020-09-28 15:27,사기천국 대한민국,22,3
372,"[뉴스딱] ""살아남게 된다면…"" 붕괴된 건물서 아내에 영상 …",3,2020-09-28 15:27,동생들 뒷바라지 해주고 케어 해주는 큰언니가 되려고 저렇게 노력하는 중국 여자애들을 보니 감동이 쓰나미가 밀려옵니다ㅋㅋㅋ,10,4
373,"[뉴스딱] ""살아남게 된다면…"" 붕괴된 건물서 아내에 영상 …",4,2020-09-28 15:27,중국처벌 맘에드네요.우리나라도 처벌강하게해야한다,4,2
374,"[뉴스딱] ""살아남게 된다면…"" 붕괴된 건물서 아내에 영상 …",5,2020-09-28 15:27,지금 있는복지단채도 사기아닌가 ㅋㅋㅋㅋ 왜 부극곰살리고 그러냐 ㅋ,0,0
375,"[뉴스딱] ""살아남게 된다면…"" 붕괴된 건물서 아내에 영상 …",6,2020-09-28 15:27,여성들 제발 군 의무복무 시행 절실~,0,0
376,"[뉴스딱] ""살아남게 된다면…"" 붕괴된 건물서 아내에 영상 …",7,2020-09-28 15:27,뭐여 인도 사고에 이렇게 정치글을 적는다 말인가. 야들아 억울하게 죽는 노동자는 같은 국민 아니냐. 국개에 도둑늠 득실해도 모르는척 그러다가 식대 좀 사용했다고 개때같이 일어나 한마디식..니들 진짜 얼굴이 뭐냐.,0,0
377,"[뉴스딱] ""살아남게 된다면…"" 붕괴된 건물서 아내에 영상 …",8,2020-09-28 15:27,뉴스....딱!,0,0
378,"[뉴스딱] ""살아남게 된다면…"" 붕괴된 건물서 아내에 영상 …",9,2020-09-28 15:27,써니찍었니? 써니...ㅎㅎㅎ,0,0
379,"[뉴스딱] ""살아남게 된다면…"" 붕괴된 건물서 아내에 영상 …",10,2020-09-28 15:27,살아 내길 바란다.,1,2
380,"[뉴스딱] ""살아남게 된다면…"" 붕괴된 건물서 아내에 영상 …",11,2020-09-28 15:27,추노에 언니 되긋지 거지같은...,1,3
381,"[뉴스딱] ""살아남게 된다면…"" 붕괴된 건물서 아내에 영상 …",12,2020-09-28 15:27,안타깝다.!,1,3
382,"[뉴스딱] ""살아남게 된다면…"" 붕괴된 건물서 아내에 영상 …",13,2020-09-28 15:27,짱께 소식 좀 그만 퍼다 날라라 어우 급떨어져^^,0,2
383,"[뉴스딱] ""살아남게 된다면…"" 붕괴된 건물서 아내에 영상 …",14,2020-09-28 15:27,앵커 많이 하기 싫으니? 왜 혼자 중얼거리듯이 말하지? 처져서 못보겠다,0,2
384,"[뉴스딱] ""살아남게 된다면…"" 붕괴된 건물서 아내에 영상 …",15,2020-09-28 15:27,중국 이란 북한 전라도 암적인 존재.,16,30
385,"삼시세끼·윤식당에 효리네 민박까지…뜨면 다 베끼는 中방…[머니투데이 오상헌 기자] [최근 5년 韓예능 포맷 도용 20건 중 19건이 중국...정필모 의원 ""권리침해 구제 정부 지원책 고민…",1,2020-09-28 15:27,어차피 예능은 베끼고 빼기는거잖아 초창기 예능 떄는 우리도 일본꺼 많이 베끼지 않았나? 최근에는 좀 덜하지만 그리고 국내도 머 하나가 뜨면 여기저기에서 비슷한 포멧으로 나오잖아? 이것부터 어떻게 했으면 좋겠음 요즘 티비틀면 죄다 트롯이여,403,31
386,"삼시세끼·윤식당에 효리네 민박까지…뜨면 다 베끼는 中방…[머니투데이 오상헌 기자] [최근 5년 韓예능 포맷 도용 20건 중 19건이 중국...정필모 의원 ""권리침해 구제 정부 지원책 고민…",2,2020-09-28 15:27,무한도전 김태호PD가 일본꺼 베끼기 천재자나. 무한도전의 상당수가 일본거 베낀거임.,195,59
387,"삼시세끼·윤식당에 효리네 민박까지…뜨면 다 베끼는 中방…[머니투데이 오상헌 기자] [최근 5년 韓예능 포맷 도용 20건 중 19건이 중국...정필모 의원 ""권리침해 구제 정부 지원책 고민…",3,2020-09-28 15:27,"베껴도 쭝국무서워서 저작권 주장도 못하고 알아서 박박기는 방속국것들,, 우리 국민에게나 갑질해대지,",94,6
388,"삼시세끼·윤식당에 효리네 민박까지…뜨면 다 베끼는 中방…[머니투데이 오상헌 기자] [최근 5년 韓예능 포맷 도용 20건 중 19건이 중국...정필모 의원 ""권리침해 구제 정부 지원책 고민…",4,2020-09-28 15:27,문통께서는 시진핑행님께 찍소리못하죠,62,21
389,"삼시세끼·윤식당에 효리네 민박까지…뜨면 다 베끼는 中방…[머니투데이 오상헌 기자] [최근 5년 韓예능 포맷 도용 20건 중 19건이 중국...정필모 의원 ""권리침해 구제 정부 지원책 고민…",5,2020-09-28 15:27,중국은 배끼면서도 너무 떳떳하다.중국 싫어,26,1
390,"삼시세끼·윤식당에 효리네 민박까지…뜨면 다 베끼는 中방…[머니투데이 오상헌 기자] [최근 5년 韓예능 포맷 도용 20건 중 19건이 중국...정필모 의원 ""권리침해 구제 정부 지원책 고민…",6,2020-09-28 15:27,어디 베끼는게 예능 뿐이냐? 반도체 lcd 스마트폰 자동차 하다못해 식품까지 전부 도둑질.,17,1
391,"삼시세끼·윤식당에 효리네 민박까지…뜨면 다 베끼는 中방…[머니투데이 오상헌 기자] [최근 5년 韓예능 포맷 도용 20건 중 19건이 중국...정필모 의원 ""권리침해 구제 정부 지원책 고민…",7,2020-09-28 15:27,여기 댓글보니 조선족 많네....,15,1
392,"삼시세끼·윤식당에 효리네 민박까지…뜨면 다 베끼는 中방…[머니투데이 오상헌 기자] [최근 5년 韓예능 포맷 도용 20건 중 19건이 중국...정필모 의원 ""권리침해 구제 정부 지원책 고민…",8,2020-09-28 15:27,우리도 그랬잖아..,15,4
393,"삼시세끼·윤식당에 효리네 민박까지…뜨면 다 베끼는 中방…[머니투데이 오상헌 기자] [최근 5년 韓예능 포맷 도용 20건 중 19건이 중국...정필모 의원 ""권리침해 구제 정부 지원책 고민…",9,2020-09-28 15:27,"문재인이 중국에 따지는 순간 기사가 뜬다 중국에서 ""개가 주인을 물었따""",14,3
394,"삼시세끼·윤식당에 효리네 민박까지…뜨면 다 베끼는 中방…[머니투데이 오상헌 기자] [최근 5년 韓예능 포맷 도용 20건 중 19건이 중국...정필모 의원 ""권리침해 구제 정부 지원책 고민…",10,2020-09-28 15:27,"중국인 들에게 말하고 싶다.. 그렇게 컨텐츠가 없는가? 없다면 정식으로 거래해라. 민족성을 드러내지 말고, 문화에 관한 내용은 정말 중요하다. 앞으로 문화전쟁이 될 것이기 때문이다....",11,0
395,"삼시세끼·윤식당에 효리네 민박까지…뜨면 다 베끼는 中방…[머니투데이 오상헌 기자] [최근 5년 韓예능 포맷 도용 20건 중 19건이 중국...정필모 의원 ""권리침해 구제 정부 지원책 고민…",11,2020-09-28 15:27,아니뭐....우리도 옛날에 그랬던것도 그랬던거지만 지금도 어디방속국에서 좀 히트쳤다싶으면 타 방송국에서 그대로 포맷가져와서 유서한 프로그램만들잖아?나혼산이랑 온앤오프 다른게뭐야? 시집살이 방송들하며~트롯방송들이며~제주에서 민박으로 히트치면 외국나가서 민박하는 프로그램 만들고ㅎ비슷비슷한 방송들 천지 ㅉ,11,1
396,"삼시세끼·윤식당에 효리네 민박까지…뜨면 다 베끼는 中방…[머니투데이 오상헌 기자] [최근 5년 韓예능 포맷 도용 20건 중 19건이 중국...정필모 의원 ""권리침해 구제 정부 지원책 고민…",12,2020-09-28 15:27,판권 구매 없이..... 아메리칸 아이돌 흥행 따라서 슈퍼스타K 만들고..... AKB방송 따라서 프로듀스 만들고...... 무한도전 에피소드 일본방송 표절해놓고....... 느그나 잘하세요.,11,2
397,"삼시세끼·윤식당에 효리네 민박까지…뜨면 다 베끼는 中방…[머니투데이 오상헌 기자] [최근 5년 韓예능 포맷 도용 20건 중 19건이 중국...정필모 의원 ""권리침해 구제 정부 지원책 고민…",13,2020-09-28 15:27,한국은 일본 예능 베끼고 중국은 한국 예능 베끼고~ 지금은 어떤지 모르겠지만..이천년 초반에는 방송국 개편 시즌때 pd 하고 작가들 일본으로 프로그램 베끼러 출장 갔었지..열흘정도 일정 잡고 숙소에서 안나옴 하루 종일 tv만 보다가 출장 복귀함~ 어떻게 아냐구요? 04년에 군 제대하고 보조작가 알바를 7년 했거든요. 방송은 베끼는 맛 티안나게 베끼는 작가와 pd는 최고 에이스임,7,0
398,"삼시세끼·윤식당에 효리네 민박까지…뜨면 다 베끼는 中방…[머니투데이 오상헌 기자] [최근 5년 韓예능 포맷 도용 20건 중 19건이 중국...정필모 의원 ""권리침해 구제 정부 지원책 고민…",14,2020-09-28 15:27,미세먼지에도 단 한마디 못하는데 ㅋㅋ 저걸 제대로 보상받는게 가능할지 모르겟네 ㅋㅋㅋㅋ,7,0
399,"삼시세끼·윤식당에 효리네 민박까지…뜨면 다 베끼는 中방…[머니투데이 오상헌 기자] [최근 5년 韓예능 포맷 도용 20건 중 19건이 중국...정필모 의원 ""권리침해 구제 정부 지원책 고민…",15,2020-09-28 15:27,너목보 미국에서 시청률 1위 찍고 복면가왕 미국판 시즌4 들어갔는데 쫭께는 아직도 미개하게 베끼고 있네,7,1
400,"삼시세끼·윤식당에 효리네 민박까지…뜨면 다 베끼는 中방…[머니투데이 오상헌 기자] [최근 5년 韓예능 포맷 도용 20건 중 19건이 중국...정필모 의원 ""권리침해 구제 정부 지원책 고민…",16,2020-09-28 15:27,일본 예능 하나 베껴서 대박 터지면 그걸 방송국끼리 서로 베끼는 나라에서 할 소리는 아닌 듯 ㅋㅋㅋ,8,3
401,"삼시세끼·윤식당에 효리네 민박까지…뜨면 다 베끼는 中방…[머니투데이 오상헌 기자] [최근 5년 韓예능 포맷 도용 20건 중 19건이 중국...정필모 의원 ""권리침해 구제 정부 지원책 고민…",17,2020-09-28 15:27,중국에 정체성이라는게 근본이라는게 있냐??ㅋㅋ 쩌리들의 역사 한족 ㅋㅋ,5,0
402,"삼시세끼·윤식당에 효리네 민박까지…뜨면 다 베끼는 中방…[머니투데이 오상헌 기자] [최근 5년 韓예능 포맷 도용 20건 중 19건이 중국...정필모 의원 ""권리침해 구제 정부 지원책 고민…",18,2020-09-28 15:27,뭐 중국이 중국한것이죠 ㅋㅋㅋ 짝퉁의 나라. 코로나만 진퉁,5,0
403,"삼시세끼·윤식당에 효리네 민박까지…뜨면 다 베끼는 中방…[머니투데이 오상헌 기자] [최근 5년 韓예능 포맷 도용 20건 중 19건이 중국...정필모 의원 ""권리침해 구제 정부 지원책 고민…",19,2020-09-28 15:27,인구가 15억인데 아이큐수준은 세계최하!! 강아지와 비슷하다는 소문이 ㅋㅋㅋ,5,0
404,“애플(미국)만 좋아하는 일본!”… 삼성 ‘고군분투’ [IT선빵…,1,2020-09-28 15:27,현지 제조사를 제치고 3위까지 했는데 한국산 제품에 대한 홀대? 그럼 자국제조 제품에 대한 홀대가 더 심한거지. 꼭 기사를 이렇게 써야하나,292,37
405,“애플(미국)만 좋아하는 일본!”… 삼성 ‘고군분투’ [IT선빵…,2,2020-09-28 15:27,"삼성 무시하는게 아니고 일본인들은 스마트폰=아이폰이야.나머지는 스마트폰 비슷한거임. 삼성뿐만 아니고 소니,파라소닉,도시바 다 그냥 스마트폰 비슷한 거지 스마트폰 아니야..쟤들한테는..",173,13
406,“애플(미국)만 좋아하는 일본!”… 삼성 ‘고군분투’ [IT선빵…,3,2020-09-28 15:27,또 반일 프레임? 우리는 반일 외치며 일본제품 불매운동하면서 일본 사람은 왜 갤럭시 안 사 주냐는 거야? 제 정신이면 이런 기사는 안 나온다.,164,19
407,“애플(미국)만 좋아하는 일본!”… 삼성 ‘고군분투’ [IT선빵…,4,2020-09-28 15:27,티비는 일본애들도 LG무지많이 쓰는데?,47,5
408,“애플(미국)만 좋아하는 일본!”… 삼성 ‘고군분투’ [IT선빵…,5,2020-09-28 15:27,안사준다고 징징..왤케 유치하냐? 그 나라사람들이 좋아할만한 기능을 탑재하든지 어떻게든 브랜드파워 높일 생각은 안하고 한심하다,47,8
409,“애플(미국)만 좋아하는 일본!”… 삼성 ‘고군분투’ [IT선빵…,6,2020-09-28 15:27,아니. 우리도 일제 안사면서. 일본이우리거. 안산다고 난리치는건. 먼지?,19,0
410,“애플(미국)만 좋아하는 일본!”… 삼성 ‘고군분투’ [IT선빵…,7,2020-09-28 15:27,겉에 박스부터 핸드폰까지 모든 SAMSUNG이란 로고를 지우고 판매하는 전략이 누가봐도 매우 좋지않다. LG전자는 LG로고 넣어서 일본시장에서 경쟁하고 있는데.,14,0
411,“애플(미국)만 좋아하는 일본!”… 삼성 ‘고군분투’ [IT선빵…,8,2020-09-28 15:27,일본 불매하면서 한국산은 사주길 바라는 한국인들 인성 무엇? 양심도 없나?,15,2
412,“애플(미국)만 좋아하는 일본!”… 삼성 ‘고군분투’ [IT선빵…,9,2020-09-28 15:27,이런글 보니 한숨만 나온다 ㅋㅋㅋ 사주세요 구걸하네 우리는 무슨 일본 휴대폰 쓰냐 ㅋㅋㅋ 한국꺼라서 안쓰는게 아니라 그냥 아이폰말고 잘안쓰는거임 일본유학생이다,9,0
413,“애플(미국)만 좋아하는 일본!”… 삼성 ‘고군분투’ [IT선빵…,10,2020-09-28 15:27,"그리고 하나만 더 얘기해주자면, 일본에서의 스마트폰은 곧 아이폰이라는 고정관념이 깊게 박혀있어서, 지네나라 소니나 교세라 제품도 안 쓰이는 판국에 그나마 삼성폰에 안드로이드 체계 스마트폰 비중 올려주는 중인데? 그리고 OLED TV 점유율은 LG가 압도적으로 높고. 헤럴드 경제 이것들은, 일본에 잘 도 알지 못하면서 또 반일프레임으로 기사 써 제끼네",7,0
414,“애플(미국)만 좋아하는 일본!”… 삼성 ‘고군분투’ [IT선빵…,11,2020-09-28 15:27,쟤네는 한국제품엔 관심도 읎음,8,2
415,“애플(미국)만 좋아하는 일본!”… 삼성 ‘고군분투’ [IT선빵…,12,2020-09-28 15:27,"우리는 일본제품 불매운동하고 있는데, 일본인들은 한국제품 안사냐고 불평하는 건 양심없는 거",4,0
416,“애플(미국)만 좋아하는 일본!”… 삼성 ‘고군분투’ [IT선빵…,13,2020-09-28 15:27,대한민국에서 일본 스마트폰 한번도 본적이 없씀.,3,0
417,“애플(미국)만 좋아하는 일본!”… 삼성 ‘고군분투’ [IT선빵…,14,2020-09-28 15:27,"핸드폰 뿐만이냐.. TV, 냉장고, 자동차, 노트북 등등.. 일본보다 우위에 있는 제품들일본 사람들은 전혀 한국 제품 안산다..우리나라만 일본제품 못사서 안달나게 무역적자가 심한데..일베, 힘빠 놈들은 일본 찬양이나 하고 있고..이 썩을빠진 멍멍 놈들..",4,2
418,“애플(미국)만 좋아하는 일본!”… 삼성 ‘고군분투’ [IT선빵…,15,2020-09-28 15:27,"기자양반, 좀 더 일본을 알고 좀 기사 써주면 안됩니까? 일본내에서 스마트폰은 곧 아이폰으로 통하는 고정관념이 강해서 자기들 소니나 교세라 제품도 안 팔리고 있다가 그나마 삼성이 진출해줘서 안드 점유율 높이고 있고, 작은 마을에도 LG 텔레비전을 당당히 팔고 있습니다. 게다가 고속버스 차량 모델도 현대 유니버스가 히노랑 미츠비시에 당당히 맞서 싸워서 수입산 유일 모델로 이름 높이고 있고. 잘도 알지 못 하면서 반일기사 쓰면 민간교류에 악영향만 미치니까, 차라리 기사를 쓰는걸 그만둬 주셨으면 좋겠습니다",2,0
419,“애플(미국)만 좋아하는 일본!”… 삼성 ‘고군분투’ [IT선빵…,16,2020-09-28 15:27,자국기업 애용하는게 일본인데 스마트폰 시장에서 만큼은 애플이 소니 제치고 압도적 1위다. 삼성이나 한국을 싫어하는걸 떠나서 그냥 애플자체를 좋아하는거지. 아이폰이랑 스마트폰을 따로 부르는 것만 봐도 답 나오지않냐? 어줍잖은 반일 몰이가 일부 한국인들한테는 보기좋을지 몰라도 외국인이 본다고 생각해봐라. 그냥 비웃음만 사겠지ㅋㅋ,2,0
420,“애플(미국)만 좋아하는 일본!”… 삼성 ‘고군분투’ [IT선빵…,17,2020-09-28 15:27,참 이기사는 보기좀 그렇네요,2,0
421,“애플(미국)만 좋아하는 일본!”… 삼성 ‘고군분투’ [IT선빵…,18,2020-09-28 15:27,ios가 생태계를 잘 구축해놓으니 아이폰쓰는 사람은 다 애플제품만 쓰는거지,2,0
422,“애플(미국)만 좋아하는 일본!”… 삼성 ‘고군분투’ [IT선빵…,19,2020-09-28 15:27,가슴에 손을 얹고 생각해보세요. 일본을 싫어하는 사람 한국에도 많죠? 같은겁니다. 지역감정도 겁나 심한데 그냥 우리나라 인종차별부터 지역감정(솔직히 이건 진짜 역겹다)부터 정리합시다. 내로남불...,4,3
423,“애플(미국)만 좋아하는 일본!”… 삼성 ‘고군분투’ [IT선빵…,20,2020-09-28 15:27,이제 국산이 글로벌 1위! 국산애용하고 일본산은 계~속 불매입니다.,2,1
424,“탄소가 왜 거기서 나와?” 강남 땅 1m 아래에 대용량 저장소…,1,2020-09-28 15:27,지하 탄소량 분석하지 않고 재개발하다가 지구온난화를 가속화시킬 수 있으니 본인과 같은 사람들에게 돈 많이 주고 미리 분석을 시킨 다음 탄소가 배출되지 않도록 주위를 기울이며 개발하라는 내용 같음,385,40
425,“탄소가 왜 거기서 나와?” 강남 땅 1m 아래에 대용량 저장소…,2,2020-09-28 15:27,한줄요약 - 강남 땅 아래 석탄이 매장 되어 있고 한번 불 붙으면 수십년 이상 타면서 유독가스를 배출해 사람이 살 수 없는 땅이 될 수 있다.,167,47
426,“탄소가 왜 거기서 나와?” 강남 땅 1m 아래에 대용량 저장소…,3,2020-09-28 15:27,기사를 좀 더 알듣기 쉽게 써줬으면 좋겠는데...탄소가 어떤영향이 있는지 또 검색해야 하잖아....,87,12
427,“탄소가 왜 거기서 나와?” 강남 땅 1m 아래에 대용량 저장소…,4,2020-09-28 15:27,강남이 폭탄을 안고 있던 땅이었다니 ㄷㄷㄷ,98,24
428,“탄소가 왜 거기서 나와?” 강남 땅 1m 아래에 대용량 저장소…,5,2020-09-28 15:27,무슨 얘기야 좋다는 거야 나쁘다는 거야 핵심이 없어,74,32
429,“탄소가 왜 거기서 나와?” 강남 땅 1m 아래에 대용량 저장소…,6,2020-09-28 15:27,그러니깐 그 탄소를 제거하지 않으면 어떤일이 발생하는데? 기사가 알맹이가 없는것 같냐,40,2
430,“탄소가 왜 거기서 나와?” 강남 땅 1m 아래에 대용량 저장소…,7,2020-09-28 15:27,글을못쓰네.. 서울 땅밑에 있는 탄소가 나왔을때 어떤 영향들을 미칠지에 대한 글을 본분에 써줘야하는게 아닌가?,30,0
431,“탄소가 왜 거기서 나와?” 강남 땅 1m 아래에 대용량 저장소…,8,2020-09-28 15:27,유기탄소가 뭔지 어떤 작용을 하는지 방치할 경우 어떻게 되는지 정도는 써줘야지!!!독자가 읽고난 후 이리 불편하게 글을 써놨냐? 기자맞아요?,24,2
432,“탄소가 왜 거기서 나와?” 강남 땅 1m 아래에 대용량 저장소…,9,2020-09-28 15:27,"뭐 탄소가 뭐시기든 저시기든, 이 코딱지만한 땅덩어리에서 별 짓 해봤자, 중국 인도 27억 인구가 내뿜는게 더 많지 않을까요",12,0
433,“탄소가 왜 거기서 나와?” 강남 땅 1m 아래에 대용량 저장소…,10,2020-09-28 15:27,기사가 알맹이가 없네 강남땅 지하에만 탄소가 있겠냐?? 그래서 앞으로 어찌해야되고 어떤 불상사가 일어날 수 있다는건지 결론만 구체적으로 써야지 바쁜시간에 읽다 시간만 낭비...,13,2
434,“탄소가 왜 거기서 나와?” 강남 땅 1m 아래에 대용량 저장소…,11,2020-09-28 15:27,문과 기자진짜 읽는데 답답해 뒤지겠네 천연가스 이산화탄소 탄소 구분좀 해라 뭐냐 이게,8,0
435,“탄소가 왜 거기서 나와?” 강남 땅 1m 아래에 대용량 저장소…,12,2020-09-28 15:27,태양광 한다고 나무나 베지마라.,7,0
436,“탄소가 왜 거기서 나와?” 강남 땅 1m 아래에 대용량 저장소…,13,2020-09-28 15:27,음. 강남땅속은 안좋다는 얘긴가?,7,0
437,“탄소가 왜 거기서 나와?” 강남 땅 1m 아래에 대용량 저장소…,14,2020-09-28 15:27,강남재건축할때 환경부담금이니 또 뭐 세금 만들어 뜯어가려고 밑밥까냐??? ㅎㅎ,7,0
438,“탄소가 왜 거기서 나와?” 강남 땅 1m 아래에 대용량 저장소…,15,2020-09-28 15:27,강남에 유실수를 많이 심어주어야 한다는 이야기?,9,3
439,“탄소가 왜 거기서 나와?” 강남 땅 1m 아래에 대용량 저장소…,16,2020-09-28 15:27,서울과 경기의 평지 땅중에 조선시대 논밭이 아닌 곳이 얼마나 있겠나 이 조사는 별 의미 없다 ..,6,0
440,“탄소가 왜 거기서 나와?” 강남 땅 1m 아래에 대용량 저장소…,17,2020-09-28 15:27,북에서 미사일 한방에 알아서 불바다 되겠네요 ...,6,0
441,“탄소가 왜 거기서 나와?” 강남 땅 1m 아래에 대용량 저장소…,18,2020-09-28 15:27,자연을 먼저 생각했르면 하네요....,15,10
442,“탄소가 왜 거기서 나와?” 강남 땅 1m 아래에 대용량 저장소…,19,2020-09-28 15:27,좋흔 정보네....강남은 재개발 하지 말고 아파트 다허물고 나무를 심어서 공원화 해야 서울이 숨을 쉰다.,7,2
443,“탄소가 왜 거기서 나와?” 강남 땅 1m 아래에 대용량 저장소…,20,2020-09-28 15:27,강남 집값 하락 가능성 높아지나요 ?,5,1
444,124만원→68만원→0원…갤S20 “공짜폰으로 팝니다 ㅠㅠ” [I…,1,2020-09-28 15:27,지랑들 하고 있네.최고가 요금제 필요한 사람이 몇이나 되겠냐?요금으로 다 받아 처먹는데 이딴게 기사라고,157,1
445,124만원→68만원→0원…갤S20 “공짜폰으로 팝니다 ㅠㅠ” [I…,2,2020-09-28 15:27,여기 함정이 있다. 9만원 이상 요금제 사용조건 입니다.,56,4
446,124만원→68만원→0원…갤S20 “공짜폰으로 팝니다 ㅠㅠ” [I…,3,2020-09-28 15:27,실구매가 개소리 좀 하지마라.. 이건 뭔 기사가 폰팔이냐,49,3
447,124만원→68만원→0원…갤S20 “공짜폰으로 팝니다 ㅠㅠ” [I…,4,2020-09-28 15:27,그놈의 실구매가타령에휴~세상에는 공짜폰없습니다,18,1
448,124만원→68만원→0원…갤S20 “공짜폰으로 팝니다 ㅠㅠ” [I…,5,2020-09-28 15:27,5G 양아치 요금제 청소년 요금도 젤 싼게 4만원대 LTE는 1만5천원이다!!! 통화품질이랑 속도도 다 똑같으면서 통신사들이 아주 쌩양아치짓을 하고 있음 공시지원금 말에 속지마라 성인요금 9만원부터 시작 ㅉㅉ,7,0
449,124만원→68만원→0원…갤S20 “공짜폰으로 팝니다 ㅠㅠ” [I…,6,2020-09-28 15:27,생각해보세요. 휴대폰가격이 노트북보다 비싼이유를도둑놈들,7,3
450,124만원→68만원→0원…갤S20 “공짜폰으로 팝니다 ㅠㅠ” [I…,7,2020-09-28 15:27,제가 지금까지 항상 S시리즈 썼구요딸이 항상 중저가폰 A시리즈 썼는데.. S가 크게 좋은줄 모르겠습니다. 기냥 비싼듯....,6,3
451,124만원→68만원→0원…갤S20 “공짜폰으로 팝니다 ㅠㅠ” [I…,8,2020-09-28 15:27,"5G호갱 안되려고, 기존 쓰던 s8로 1년 더 연장함. 5G요금 내도 대부분은 4G로 잡힌다고 해서. 근데 LTE가 굉장히 느려진 기분은 나만 느낍니까?",3,0
452,124만원→68만원→0원…갤S20 “공짜폰으로 팝니다 ㅠㅠ” [I…,9,2020-09-28 15:27,기사를 이따구로 쓰노 선택약정을 단말기할인으로 공갈쳐서 파노,3,0
453,124만원→68만원→0원…갤S20 “공짜폰으로 팝니다 ㅠㅠ” [I…,10,2020-09-28 15:27,제발 이런기사 좀 쓰지마세요~꽁짜 아니니까~공정위원에다가 신고하기전에요,2,0
454,124만원→68만원→0원…갤S20 “공짜폰으로 팝니다 ㅠㅠ” [I…,11,2020-09-28 15:27,2만6천원에 15GB 100분 요금제 사용합니다.. 중고나라에서 갤럭시10 5G 30만원에 사서씁니다. 행복합니다.,1,0
455,124만원→68만원→0원…갤S20 “공짜폰으로 팝니다 ㅠㅠ” [I…,12,2020-09-28 15:27,요금제 팔이,1,0
456,124만원→68만원→0원…갤S20 “공짜폰으로 팝니다 ㅠㅠ” [I…,13,2020-09-28 15:27,인터넷 기사들도 쫌 사실확인좀 하고 걸러주면 안되나??? 아니면 사실이 아닐시에 기자 박탈 시키는 법안좀!!!!!!!!!!!,1,0
457,124만원→68만원→0원…갤S20 “공짜폰으로 팝니다 ㅠㅠ” [I…,14,2020-09-28 15:27,난 정말궁금한데 이런상황을 욕하는 사람들은 정가 다주고살꺼야?깎아달라고 싸게 살라고 자기들도 얌채짓하면서 세상에 공짜가어딧어 기기도 싸게사 요금도 싸 ......그럼 통신사가 유니세프냐?,1,0
458,124만원→68만원→0원…갤S20 “공짜폰으로 팝니다 ㅠㅠ” [I…,15,2020-09-28 15:27,광고 오진다. 이런기사 쓰면 자괴감 안드나?,1,0
459,124만원→68만원→0원…갤S20 “공짜폰으로 팝니다 ㅠㅠ” [I…,16,2020-09-28 15:27,이제 앞으로 기사 쓸 때 표준요금제나 최저가 요금제 기준으로 작성해주세요. 기레기가 괜히 기레기겠어요? 이런 기사들이 실적을 쌓아주니 기레기라 부르는 거죠 ㅋ,1,0
460,124만원→68만원→0원…갤S20 “공짜폰으로 팝니다 ㅠㅠ” [I…,17,2020-09-28 15:27,갤럭시 S29는 신모델인가?,1,0
461,124만원→68만원→0원…갤S20 “공짜폰으로 팝니다 ㅠㅠ” [I…,18,2020-09-28 15:27,사보고 이런 기사쓰는건가,0,0
462,124만원→68만원→0원…갤S20 “공짜폰으로 팝니다 ㅠㅠ” [I…,19,2020-09-28 15:27,웃기네 또 약을 파네 왜 5g요금 가입시키려고,0,0
463,"""통신비 2만원 지급, '여기서' 확인하세요""",1,2020-09-28 15:27,아오!! 이런거 하지마!! 짱나,12,1
464,"""통신비 2만원 지급, '여기서' 확인하세요""",2,2020-09-28 15:27,미친 정부다 진짜!대가리에 뭐가 들었는지 해부해보고싶네,8,2
465,"""통신비 2만원 지급, '여기서' 확인하세요""",3,2020-09-28 15:27,차라리 이 돈으로 진짜 힘든 희기병 어린이나 도와줘라 이 멍청한 정부야,4,1
466,"""통신비 2만원 지급, '여기서' 확인하세요""",4,2020-09-28 15:27,"돈은 돈대로 쓰고, 의미도 없고, 딱히 좋아지는 것도 없고. 뭐, 이놈의 정권이 하는 상당수 정책이 그렇지. 그러니 54조나 되는 고용관련 예산 쓰고도 아무런 효과가 없지.",2,0
467,"""통신비 2만원 지급, '여기서' 확인하세요""",5,2020-09-28 15:27,"왜 40,50대는 못 받냐???참내....",1,0
468,"""통신비 2만원 지급, '여기서' 확인하세요""",6,2020-09-28 15:27,65세 이상은 기초노령연금도 받는데 2중 지급이다. 세금은 내는데 아무것도 못받는 35-64세. 이 나라에서 버린 존재들.,1,1
469,"""통신비 2만원 지급, '여기서' 확인하세요""",7,2020-09-28 15:27,84년12월31일에 태어난 사람은 못받네? 이게 니들이 말하는 공정과 정의냐? 어떻게든 이간질시키고 분열시켜서 국민들을 서로 싸우게 만들려는 정치공작들 정말 치가 떨린다,1,1
470,"""통신비 2만원 지급, '여기서' 확인하세요""",8,2020-09-28 15:27,참~ 답답한 정부야 ~,0,0
471,"""통신비 2만원 지급, '여기서' 확인하세요""",9,2020-09-28 15:27,소꿉놀이하니? 2만원이모니? 그냥 너가져 장난하니?,0,0
472,"""통신비 2만원 지급, '여기서' 확인하세요""",10,2020-09-28 15:27,놀고들있네 2만원ㅡㅡ,0,0
473,"""통신비 2만원 지급, '여기서' 확인하세요""",11,2020-09-28 15:27,홈페이지 운영비가 아깝다.,0,0
474,"""통신비 2만원 지급, '여기서' 확인하세요""",12,2020-09-28 15:27,아니 안줘도됩니다,0,0
