0,"9300억 쏟아 통신비 준다는 정부…정작 국민은 ""웬 2만원""2차 긴급 재난지원금이 엉뚱한 방향으로 가고 있다. “맞춤형 재난 지원”(문재인 대통령, 7일 수석·보좌관회의)이란 취지는 …",1,2020-09-09 23:35,추석 때 가족끼리 모였을 때 문재인 욕 하지 말라고 사료 3일치 주는 거냐? 이따위로 할 거면 주지 마. 국민 혈세로 장난 치고 있네. 이런 게 포퓰리즘이다.,4212,48
1,"9300억 쏟아 통신비 준다는 정부…정작 국민은 ""웬 2만원""2차 긴급 재난지원금이 엉뚱한 방향으로 가고 있다. “맞춤형 재난 지원”(문재인 대통령, 7일 수석·보좌관회의)이란 취지는 …",2,2020-09-09 23:35,옛다! 개돼지들 입벌려라! 사료들어간다! ㅋㅋ,1100,14
2,"9300억 쏟아 통신비 준다는 정부…정작 국민은 ""웬 2만원""2차 긴급 재난지원금이 엉뚱한 방향으로 가고 있다. “맞춤형 재난 지원”(문재인 대통령, 7일 수석·보좌관회의)이란 취지는 …",3,2020-09-09 23:35,전국민을 가지고 놀아라.대한민국 국민들이 거지들이냐?전국민을 거지화시키네거지같은 정부.,962,6
3,"9300억 쏟아 통신비 준다는 정부…정작 국민은 ""웬 2만원""2차 긴급 재난지원금이 엉뚱한 방향으로 가고 있다. “맞춤형 재난 지원”(문재인 대통령, 7일 수석·보좌관회의)이란 취지는 …",4,2020-09-09 23:35,정신나간 자들이 아니고서는 이따위 붕어밑밥질을하지 않을 것! 저 돈 주느라 공무원과 관련조직이 헛지랈하는 것은 비용 아니냐? 배보다 배꼽이 커다.,476,3
4,"9300억 쏟아 통신비 준다는 정부…정작 국민은 ""웬 2만원""2차 긴급 재난지원금이 엉뚱한 방향으로 가고 있다. “맞춤형 재난 지원”(문재인 대통령, 7일 수석·보좌관회의)이란 취지는 …",5,2020-09-09 23:35,개돼지들아 좋냐? ㅎㅎ 나라 꼬라지 잘돌아간다,374,10
5,"9300억 쏟아 통신비 준다는 정부…정작 국민은 ""웬 2만원""2차 긴급 재난지원금이 엉뚱한 방향으로 가고 있다. “맞춤형 재난 지원”(문재인 대통령, 7일 수석·보좌관회의)이란 취지는 …",6,2020-09-09 23:35,이제 알겠냐? 박근혜가 사고친건 그냥 애들 장난이고 문재앙이는 진짜 나라 말아 쳐먹을라고 작정한놈이다,262,6
6,"9300억 쏟아 통신비 준다는 정부…정작 국민은 ""웬 2만원""2차 긴급 재난지원금이 엉뚱한 방향으로 가고 있다. “맞춤형 재난 지원”(문재인 대통령, 7일 수석·보좌관회의)이란 취지는 …",7,2020-09-09 23:35,국가재정을 카드돌려막기로 생각하면 안됩니다. 모두 우리 아이들의 빚입니다. 댓글 잘 안달려하는데 걱정이 되어 쓰게 되네요. 정말 걱정스러워요. 돈으로 정치하려말고 바른 정책으로 보여주세요.,238,0
7,"9300억 쏟아 통신비 준다는 정부…정작 국민은 ""웬 2만원""2차 긴급 재난지원금이 엉뚱한 방향으로 가고 있다. “맞춤형 재난 지원”(문재인 대통령, 7일 수석·보좌관회의)이란 취지는 …",8,2020-09-09 23:35,누가 달래요? 쓸데없이 빚늘려서 IMF보다 더한 지금 나라빚 더하게 하려고. 별짓을 다하네. 제발 정말 어려운 사람주시구요. 공공의대. 의대정원증원. 원격의료 . 첩얍보험 따위에 돈 쓸데없이 쓰지 마세요. 제발제발 부탁입니다 휴,191,6
8,"9300억 쏟아 통신비 준다는 정부…정작 국민은 ""웬 2만원""2차 긴급 재난지원금이 엉뚱한 방향으로 가고 있다. “맞춤형 재난 지원”(문재인 대통령, 7일 수석·보좌관회의)이란 취지는 …",9,2020-09-09 23:35,누가 통신비 2만원을 달랬나?나도 70대고령자이고 수입도 적어 형편이 어렵지만 나에 큰빚을지고 자식들에게 빚을 남기는 휴대폰비2만원을 받는것은 정말로 치욕스럽다.제발 선심꼼수책략만들지말고 정말로 또 정말로 국민을위한일이 무엇인지 나라정책을 수립하는 나리들께선 제발 심각하게 생각 또 생각해서 일하소서!!!,182,1
9,"9300억 쏟아 통신비 준다는 정부…정작 국민은 ""웬 2만원""2차 긴급 재난지원금이 엉뚱한 방향으로 가고 있다. “맞춤형 재난 지원”(문재인 대통령, 7일 수석·보좌관회의)이란 취지는 …",10,2020-09-09 23:35,차라리 전국민 독감예방주사나 무료로하지,156,1
10,"9300억 쏟아 통신비 준다는 정부…정작 국민은 ""웬 2만원""2차 긴급 재난지원금이 엉뚱한 방향으로 가고 있다. “맞춤형 재난 지원”(문재인 대통령, 7일 수석·보좌관회의)이란 취지는 …",11,2020-09-09 23:35,이건 너무 아닌 것 같아요..1조 가까운 돈이면 한 기업의 생사를죄우하는 금액이고 기업을 만들고 신규 일자리를 창출할 수 있는데..뭐하자는건지,140,0
11,"9300억 쏟아 통신비 준다는 정부…정작 국민은 ""웬 2만원""2차 긴급 재난지원금이 엉뚱한 방향으로 가고 있다. “맞춤형 재난 지원”(문재인 대통령, 7일 수석·보좌관회의)이란 취지는 …",12,2020-09-09 23:35,아......... 다음 대통령은 정말 민주당에서 안나왔으면 다들좀 정신 차립시다.. 나라가 망해가요...ㅠㅠ,131,1
12,"9300억 쏟아 통신비 준다는 정부…정작 국민은 ""웬 2만원""2차 긴급 재난지원금이 엉뚱한 방향으로 가고 있다. “맞춤형 재난 지원”(문재인 대통령, 7일 수석·보좌관회의)이란 취지는 …",13,2020-09-09 23:35,그런거는 기가막히게 얘기하고 추미애.조국.윤미향 사건들이 어마어마한데 한마디 말도없네...아닥할때는 안하고 저 든신...,83,1
13,"9300억 쏟아 통신비 준다는 정부…정작 국민은 ""웬 2만원""2차 긴급 재난지원금이 엉뚱한 방향으로 가고 있다. “맞춤형 재난 지원”(문재인 대통령, 7일 수석·보좌관회의)이란 취지는 …",14,2020-09-09 23:35,댓그러님들 나라돈 걱정은 하지마세요. 2만원받고 나도 모르는 4만원짜리 교통위반 딱지 날라올거에요. 금방 충원돼요. ㅋㅋㅋ 내년에는 건보료가 3만5천원정도 올라요 금방 충원돼요.그리고 종부세도 내년부터 올라요 그러니 나랏돈 걱정은 마시구요. 세금은 내는데 나는 왜 재난지원금을 못받는지에 대해서 열내시기 바랍니다.,82,1
14,"9300억 쏟아 통신비 준다는 정부…정작 국민은 ""웬 2만원""2차 긴급 재난지원금이 엉뚱한 방향으로 가고 있다. “맞춤형 재난 지원”(문재인 대통령, 7일 수석·보좌관회의)이란 취지는 …",15,2020-09-09 23:35,나 민주당 찍고 문재인 찍은 사람인데 요즘 보면 정말 실망스럽다. 그 깟 이만원이 한 개인에게 무슨 의미가 있는가?1조원이면 정말로 피해를 입은 상인들에게 꽤 도움이 되는 액수이건만 그 걸 별 의미 없이 낭비해야하는가?정말 한심 스럽다. 정말 뭔가 정신이 이상하다는 말외에 설명이 불가능하다.,70,1
15,"9300억 쏟아 통신비 준다는 정부…정작 국민은 ""웬 2만원""2차 긴급 재난지원금이 엉뚱한 방향으로 가고 있다. “맞춤형 재난 지원”(문재인 대통령, 7일 수석·보좌관회의)이란 취지는 …",16,2020-09-09 23:35,무능한게 정신까지 나갔나,63,1
16,"9300억 쏟아 통신비 준다는 정부…정작 국민은 ""웬 2만원""2차 긴급 재난지원금이 엉뚱한 방향으로 가고 있다. “맞춤형 재난 지원”(문재인 대통령, 7일 수석·보좌관회의)이란 취지는 …",17,2020-09-09 23:35,"93백억이 푼돈도 아니고, 실효성도 없는 통신비 2만원 지원금으로 국고탕진할 생각 마세요..정말 필요하신분들에게 선별해서 지원해 주고, 정말 필요한 분들이 누군지를 고민하라고 그자리에 앉힌겁니다. 국민들 혈세로 아무생각없는 짓거리 그만들 하시기바랍니다.",57,2
17,"9300억 쏟아 통신비 준다는 정부…정작 국민은 ""웬 2만원""2차 긴급 재난지원금이 엉뚱한 방향으로 가고 있다. “맞춤형 재난 지원”(문재인 대통령, 7일 수석·보좌관회의)이란 취지는 …",18,2020-09-09 23:35,정신나간 아니진짜 이렇게 돈 헛으로 쓰기도 어렵겠다 이노무 정권은 진짜 국민이 지금 어떤게 힘든건지 파악조차 못하고 있다 진짜 무능이다,42,0
18,"9300억 쏟아 통신비 준다는 정부…정작 국민은 ""웬 2만원""2차 긴급 재난지원금이 엉뚱한 방향으로 가고 있다. “맞춤형 재난 지원”(문재인 대통령, 7일 수석·보좌관회의)이란 취지는 …",19,2020-09-09 23:35,데모만 했던 분들이 멀알아야죠 참원망스럽습니다 더불어뽚은분들,41,1
19,[단독] 초등학생 이하 자녀 1인당 20만원씩 현금으로 준다,1,2020-09-09 23:35,왜주는데?,12897,632
20,[단독] 초등학생 이하 자녀 1인당 20만원씩 현금으로 준다,2,2020-09-09 23:35,초딩이하 자녀는 돌봄류가에 돌봄수당에 각종지원이 너무 많은데 중딩과 고딩은 키울때 돈 안드냐?,6160,274
21,[단독] 초등학생 이하 자녀 1인당 20만원씩 현금으로 준다,3,2020-09-09 23:35,아들이 7살입니다. 이런거 푼돈 안줘도 되니까.그냥 문재앙이 꺼져주시면 소고기 파티합니다.,11042,5323
22,[단독] 초등학생 이하 자녀 1인당 20만원씩 현금으로 준다,4,2020-09-09 23:35,대체 왜 이러는 걸까요.. 이미 망했으니 빚 잔뜩 늘리고 다 같이 망해보자 이건가.,6240,795
23,[단독] 초등학생 이하 자녀 1인당 20만원씩 현금으로 준다,5,2020-09-09 23:35,초등학생 학부모지만 단발성 20만원에 전혀 기쁘지도 않고 그리 큰 도움 되지도 않는다 그 돈 일시적으로 배포하면 어마무시한 세금이 공중분해된다 제발 좀 살림 아껴서 나라 바로 세울 생각부터해라,5263,301
24,[단독] 초등학생 이하 자녀 1인당 20만원씩 현금으로 준다,6,2020-09-09 23:35,지난번에 7세이하 40만원 줬는데 이번엔 주지말고 중 고등학생들한테 주세요 중 고등학생은 학생 아닌가요,1373,67
25,[단독] 초등학생 이하 자녀 1인당 20만원씩 현금으로 준다,7,2020-09-09 23:35,아니 7세미만은 1차때도 40만원씩 주었는데 또 준다고나라가 정말 어이가 없네아닌말로 어린아이들이 뭔 그리 돈 드는데. 초중고 아이들 학교도 제대로 못가고 집에 갇혀 비대면 수업에다 온라인 학원비에 식비에 몇배로 들었는데 이놈에 나라는 도데체가 꺼꾸로 가는 나라이네도무지 이해할수 없는 나라그 세금은 누가 충당 할건되요.죽어라. 세금만 내는 사람들 정말 불쌍하다 젤 힘든건 40-50대 아이들 초중등 부모이다제발 정치를 할려면 똑바로 하세요 이중으로 돈 주는건 완전 불공평 합니다,1336,51
26,[단독] 초등학생 이하 자녀 1인당 20만원씩 현금으로 준다,8,2020-09-09 23:35,하놔~~이런거 주지말고 1.전국민 독감주사를 무상으로 다 접종시켜주던가..2.자영업자 자기 건물 아닌 사업장 임대료 및 세금 1달 가량 쉬었으니 그들에게 주던지..3.진짜 불우한 조부모가정&한부모가정 소년소녀 가장에게 줘라!!!미취학.초등 돌봄 지들 돈벌려고 나간거를 왜 그리 막 주는거니?,1207,32
27,[단독] 초등학생 이하 자녀 1인당 20만원씩 현금으로 준다,9,2020-09-09 23:35,7세미만은 왜 계속주는데,1160,64
28,[단독] 초등학생 이하 자녀 1인당 20만원씩 현금으로 준다,10,2020-09-09 23:35,"미취학은 지난번에도 지급했는데.. 장난하나요? 중고등학생은 안먹고 안쓰고 사는지ㅠㅠ 몇배 이상으로 소비가 큰데, 형평성에 어긋나는 이런정책 정말 진절머리납니다!!!!!",945,25
29,[단독] 초등학생 이하 자녀 1인당 20만원씩 현금으로 준다,11,2020-09-09 23:35,"중고생이 돈이 더 마니 들어가는데, 왜 초등이하???어이가 없네.",816,45
30,[단독] 초등학생 이하 자녀 1인당 20만원씩 현금으로 준다,12,2020-09-09 23:35,정부말 나오기 전까지 안믿음 어제만 이거 관련 오보 2개 나왔잖아,888,148
31,[단독] 초등학생 이하 자녀 1인당 20만원씩 현금으로 준다,13,2020-09-09 23:35,지난번에도 7세이하 40 줬잖아 뭐하는거냐 진짜,741,33
32,[단독] 초등학생 이하 자녀 1인당 20만원씩 현금으로 준다,14,2020-09-09 23:35,중.고등.대학생 부모는 사람도아니고 국민도 아니냐? 사교육비.대학등록금은 땅파면 나오냐? 미친정부 인간들,722,18
33,[단독] 초등학생 이하 자녀 1인당 20만원씩 현금으로 준다,15,2020-09-09 23:35,이거 욕하고 까라 저거 욕하고 까라 판 벌리는 거 같네요 기자님들,717,91
34,[단독] 초등학생 이하 자녀 1인당 20만원씩 현금으로 준다,16,2020-09-09 23:35,참 어처구니가 없네요. 몇달전에도 초등이하 자녀 인당40만원씩 지급하지 않았나요? 한가구에 자녀 2명이면 80만원 지급된걸로알고있는데 이게 뭔짓인지.. 진짜 다음선거때 봅시다.,594,26
35,[단독] 초등학생 이하 자녀 1인당 20만원씩 현금으로 준다,17,2020-09-09 23:35,중고대학생 애셋 엄마입니다 셋다 집에서 온라인 수업합니다. 양육부담은 미취학 .초등뿐만아니라 중고생을 둔 부모도 다 힘듭니다,551,15
36,[단독] 초등학생 이하 자녀 1인당 20만원씩 현금으로 준다,18,2020-09-09 23:35,국가 재정도 어려운 상황에서 그만좀 해라 진짜 그거없어도 안죽는다. 돈뿌려서 표몰이하는것도 지긋지긋하다. 오늘만 살고 죽는것처럼 세금쓰고 국정운영하네.국민연금기금이나 확충해라,468,9
37,[단독] 초등학생 이하 자녀 1인당 20만원씩 현금으로 준다,19,2020-09-09 23:35,중.고등생 자녀둔 부모는 안힘드냐?자녀둔 부모라면 양육하는데 힘든건 다 똑같은건데 누군주고 누군안주고 이럴꺼면다주지말아야지 집없어서 돈없어서 부모집에산디부모집산다고 근로장려금 자녀장려금도다탈락시키고 먼기준인건데진짜 기준이 먼지....,469,11
38,[단독] 초등학생 이하 자녀 1인당 20만원씩 현금으로 준다,20,2020-09-09 23:35,중고등학생 비용이 더 들어갑니다. 그래서 줄려면 다 주던지 아니면 다 안 주던지 해야 욕을 안 먹어요.,472,16
39,"전략 회의하다…이재용 ""매장 가봅시다""",1,2020-09-09 23:35,삼성은 좀 놔두자,2393,80
40,"전략 회의하다…이재용 ""매장 가봅시다""",2,2020-09-09 23:35,이재용이 문죄인보다 국민을 보살피는 바가 크네요. 지금 같이 어려운 시기에 협력사들에게 단비를 뿌려주네요,1239,101
41,"전략 회의하다…이재용 ""매장 가봅시다""",3,2020-09-09 23:35,대한민국의 자긍심 삼성!! 힘내세요~ 최고!,460,13
42,"전략 회의하다…이재용 ""매장 가봅시다""",4,2020-09-09 23:35,니가 벌어다주는 돈으로 운동권들이 지금 꿀빨고 있다 ㅋㅋㅋㅋ,393,24
43,"전략 회의하다…이재용 ""매장 가봅시다""",5,2020-09-09 23:35,삼성 좀 그만 괴롭혀라,296,13
44,"전략 회의하다…이재용 ""매장 가봅시다""",6,2020-09-09 23:35,삼성같은 세계 일류 기업이 여기 있다는건 자랑스러운 일이다,84,1
45,"전략 회의하다…이재용 ""매장 가봅시다""",7,2020-09-09 23:35,"일개 기업 총수도 이렇게 실전에서의 역량과 경쟁력을 따지는데, 대통령이란놈은 코로나 핑계로 청와대에 틀여박혀 세상어떻게 돌아가는줄도 모르고 있네. 이게 나라냐? 경험해보지 못한 무능정부. 돈찍어서 표심얻는거 말곤 잘하는게 하나도없다.",71,3
46,"전략 회의하다…이재용 ""매장 가봅시다""",8,2020-09-09 23:35,국민 경제 대통령 이재용 vs 업적없이 세금 거덜 내는 문재인,59,2
47,"전략 회의하다…이재용 ""매장 가봅시다""",9,2020-09-09 23:35,인류역사상 도저히 풀수없는 세기의 미스테리가 바로 이런 x같은 헬조선에서 어떻게 삼성같은 기업이 존재할수있는가 하는 사실이다. 불가사의 그 자체다.,58,2
48,"전략 회의하다…이재용 ""매장 가봅시다""",10,2020-09-09 23:35,경제대통령이라고 해도 과언이 아니네요지금 우리에게 진짜 필요한 CEO네요,41,1
49,"전략 회의하다…이재용 ""매장 가봅시다""",11,2020-09-09 23:35,아무튼 대단한 사람이야. 그렇게 법원에 시달리면서도 저렇게 집중하는 모습봐라,36,1
50,"전략 회의하다…이재용 ""매장 가봅시다""",12,2020-09-09 23:35,삼성 좀 그만괴롭혀라. 법무부 장관보다 천만배는 더 훌륭하다.,28,0
51,"전략 회의하다…이재용 ""매장 가봅시다""",13,2020-09-09 23:35,"솔직히 지금 우리가 쓰는 마스크도 삼성에서 마스크 업체들에게 금형 떠주고, 기존 생산 방식 효율적으로 새롭게 컨설팅해주고, 원자재 수입해주게 도와주고 이 정도면 정부에서 감사하다고 훈장이라도 챙겨줘야하는거 아닌가?? 근데 왜 못잡아먹어서 안달나있냐",26,0
52,"전략 회의하다…이재용 ""매장 가봅시다""",14,2020-09-09 23:35,아무 죄없는 박근혜 대통령과 삼성을 엮어서 어떻게든 이용해먹는 현 정권 지옥갈준비나해라... 삼성 언제나 응원한다!!,25,2
53,"전략 회의하다…이재용 ""매장 가봅시다""",15,2020-09-09 23:35,삼성 잘한다. 이재용잘한다. 문재인보다 천배는 낫다,24,2
54,"전략 회의하다…이재용 ""매장 가봅시다""",16,2020-09-09 23:35,대한민국의 자부심 삼성 이재용. ...국민들이 응원합니다,18,1
55,"전략 회의하다…이재용 ""매장 가봅시다""",17,2020-09-09 23:35,이재용 부회장 응원합니다!!! 아버지를 뒤이어 세계적인 경영자가 되시길,17,0
56,"전략 회의하다…이재용 ""매장 가봅시다""",18,2020-09-09 23:35,이런사람이대통령되면좋겠다 짜파구리쳐먹고국민기만하는쩝쩝이뵈단백배낫다 불쌍한개돼지들 선동질이참무섭다,17,1
57,"전략 회의하다…이재용 ""매장 가봅시다""",19,2020-09-09 23:35,깽판은 문 ㅇㅇ 이 하고 수습은 이재용이 ㅠㅠㅠㅠ,17,1
58,"전략 회의하다…이재용 ""매장 가봅시다""",20,2020-09-09 23:35,차기대통령~,15,1
59,너도나도 '영끌 대출'…빚내서 집 사고 주식 투자 했다,1,2020-09-09 23:36,이 놈의 정부는 집 많이 지어서 출산율 성장 유도할 생각을 해야지 정부관료들만 배불리려다 출산율 0프로 되겠다,825,53
60,너도나도 '영끌 대출'…빚내서 집 사고 주식 투자 했다,2,2020-09-09 23:36,목동 아파트 계약면적 20평짜리 부동산정책 시행 전 매매가 6억원 대였는데 지금은 11억원까지 갑니다 근 2~3년동안 아파트 가격이 거의 2배가 올랐어요. 완벽한 정부실패 인정해야 합니다,438,4
61,너도나도 '영끌 대출'…빚내서 집 사고 주식 투자 했다,3,2020-09-09 23:36,확 폭락해서 정신들 차리게 해야함 주거가 아닌 투기하는것들은 투기가얼마나 비참함을 주는지 느껴야함,433,215
62,너도나도 '영끌 대출'…빚내서 집 사고 주식 투자 했다,4,2020-09-09 23:36,온국민을 부동산투기 주식투기등 투전판으로 내모는구나,203,23
63,너도나도 '영끌 대출'…빚내서 집 사고 주식 투자 했다,5,2020-09-09 23:36,이제 집값 떨어지면 또 나라 원망하겠지이래도 저래도 다 남 탓이구나,228,90
64,너도나도 '영끌 대출'…빚내서 집 사고 주식 투자 했다,6,2020-09-09 23:36,문재인 야당일때는 가구 빚이 너무 가파르게 늘어난다고 박근혜 욕을 그렇게 해대더니 지금 빚 늘어나는 속도가 2배다. 내로남불 정권으로 역사에 두고두고 회자될듯.,57,0
65,너도나도 '영끌 대출'…빚내서 집 사고 주식 투자 했다,7,2020-09-09 23:36,전세계가 투기판이네~실물경기가 박살나있는 상태서 미친짓이지 ㅉㅉ..한몫챙기고 편하게돈벌어보려다가 인생 종치는수가있다 한강물이나 더럽히지말길,69,18
66,너도나도 '영끌 대출'…빚내서 집 사고 주식 투자 했다,8,2020-09-09 23:36,젊은이들아 영끌하지 말아라...영끌해서 오르면 뭐하노 팔려야지..그중 잘 판사람도 있겠지만 주변을 돌아봐라 안팔린단다,47,3
67,너도나도 '영끌 대출'…빚내서 집 사고 주식 투자 했다,9,2020-09-09 23:36,나라가미쳐있음이 분명하다...이런세상에서 애낳고어찌살어..ㅠ,45,1
68,너도나도 '영끌 대출'…빚내서 집 사고 주식 투자 했다,10,2020-09-09 23:36,"나라빚 가게빚은 사상최곤대 집사재기 주식등 빚내서투자가 사상최고라...진짜 이러다 무너지기 시작하면 폭망이 올거같네,,,왠지 2년사이에 그걸것 같은예감,,,,",44,3
69,너도나도 '영끌 대출'…빚내서 집 사고 주식 투자 했다,11,2020-09-09 23:36,30-40대 영혼끌어모아도 대출제한. 주택공급안되 집못사고 주식투자로가니 미국주가가 내리 폭망으로 한국주식도 같이 폭망으로 빚으로 쫄땅망하게생겼네,39,1
70,너도나도 '영끌 대출'…빚내서 집 사고 주식 투자 했다,12,2020-09-09 23:36,우리 회사 29살 여직원이 이게 다 박근혜가 싼 똥 때문이라고 하는데 고대 나왔다고 모가지에 힘주고 선배들 무시하면서 결국 대가리엔 고름만 차있는듯.,34,7
71,너도나도 '영끌 대출'…빚내서 집 사고 주식 투자 했다,13,2020-09-09 23:36,부동산과 바이오 폭락 개봉박두!,19,1
72,너도나도 '영끌 대출'…빚내서 집 사고 주식 투자 했다,14,2020-09-09 23:36,서울에서 영끌해서 본인돈으로 30대가 집사는게 가능한가? 일반 월급쟁이가?,17,0
73,너도나도 '영끌 대출'…빚내서 집 사고 주식 투자 했다,15,2020-09-09 23:36,빚내서 주식 한다는 것들은 무슨 생각일까??? 10%쯤 성공할까?? 나머지 90%는 골로 가네! 한심! ㅉㅉ,16,1
74,너도나도 '영끌 대출'…빚내서 집 사고 주식 투자 했다,16,2020-09-09 23:36,이젠 주변에 집값 떨어질거란 소리 많이들 하던데ㆍ금리 조금이라도 오르면 여기저기 폭탄 터질듯,15,1
75,너도나도 '영끌 대출'…빚내서 집 사고 주식 투자 했다,17,2020-09-09 23:36,비정상이 정상인 나라! 노동의 가치가 인정 받지 못하는 나라! 대통령님 당신이 말한 나라 다운 나라가 이겁니까?,15,2
76,너도나도 '영끌 대출'…빚내서 집 사고 주식 투자 했다,18,2020-09-09 23:36,빚내서 아파트를사던 주식을하던 맘대로하는건 좋은데 나중에 잘못돼면 정부한테 구재해달라고 때쓰지말고 조용히 한강으로가거라,15,3
77,너도나도 '영끌 대출'…빚내서 집 사고 주식 투자 했다,19,2020-09-09 23:36,뇌물현정권 시즌2 이제 곧 하우스푸어라는말과 홈리스라는 말이 다시 생겨납니다. 역사를 잊은 개돼지들에겐 체험만이 답이다.,13,1
78,'주가 40% 떨어진다'…JP모간 보고서에 급락한 셀트리온,1,2020-09-09 23:36,의도가 다분하네요,1446,74
79,'주가 40% 떨어진다'…JP모간 보고서에 급락한 셀트리온,2,2020-09-09 23:36,공매도 치고 외국계 증권사 한국인 애널이 리포트 쓰고 어찌 이리 매번 같은짓을 하는지 당국은 머하는거냐,1088,45
80,'주가 40% 떨어진다'…JP모간 보고서에 급락한 셀트리온,3,2020-09-09 23:36,트록시마 미국 최대 보험사 선호 약품 등재나 실적개선 호재 등은 전혀 반영하지 않은 허위 리포트. 풋옵션에 공매를 위한 주가조작인지 수사해야한다. 아 한국은 금융당국이 없지?,497,29
81,'주가 40% 떨어진다'…JP모간 보고서에 급락한 셀트리온,4,2020-09-09 23:36,똑같네 16마논주가 8마논 32마논주가 19마논 공매자수한날 8마논했을때 36마논갔으니 19마논이믄 70마논가치인데,341,50
82,'주가 40% 떨어진다'…JP모간 보고서에 급락한 셀트리온,5,2020-09-09 23:36,JP 모건 이놈들이 삼바는 목표주가 84만원 내놓았네요.. 지나가는 개가 웃겠다.ㅍㅎㅎ,202,5
83,'주가 40% 떨어진다'…JP모간 보고서에 급락한 셀트리온,6,2020-09-09 23:36,셀트리온에서 치료제 상업생산까지 하니 공매도친거 못 메꾸니까 이런 허접 기사나 올리고 참 한심도하지 치료제로 인해서 기존 생산품도 재고소진으로 불안해서 치료제를 외주 줄수 있다고 하는데 도대체 왠 재고문제 매년 매출 순이익증가 하는데 어처구니가 없네 얼마나 많이 공매도로 묶어 놨는지 불안하구나 11월전에 JP모건 서울지점 폐쇄결정 기사나오겠네 ㅎㅎ 즐겨봅시다,200,8
84,'주가 40% 떨어진다'…JP모간 보고서에 급락한 셀트리온,7,2020-09-09 23:36,기사에서 셀트per가 높다고 씨부리는데 삼바는 어떻게 설명할거냐 셀트 19만원이면 삼바는 5만원이 적정 수준인데?,175,3
85,'주가 40% 떨어진다'…JP모간 보고서에 급락한 셀트리온,8,2020-09-09 23:36,정부는 알겠냐? 공매도를 없애야 하는 이유를? 공매친놈들이 목표가를 내린다. 참나...,170,5
86,'주가 40% 떨어진다'…JP모간 보고서에 급락한 셀트리온,9,2020-09-09 23:36,공매도친 증권사는 리포트 금지시켜라 이건뭐 공매도 왕창치고 이런리포트내고 땅짓고헤엄치기,154,2
87,'주가 40% 떨어진다'…JP모간 보고서에 급락한 셀트리온,10,2020-09-09 23:36,JP모건의 리포트를 보고나니 그들의 저의가 너무나 보이네요 주가 떨어지는거 아냐 보다 일단 화가 나네요 아니 이건 저의가 아니라 거의 나 살려주세요 광고 수준인데 스마트 개미의 힘을 보여줍시다 이번에 또 해먹고 나가면 재차 삼차 반복 될 겁니다.. 20일 카드대금으로 있는 비용 150 은행에서 이체해서 사무실 복귀하면 5주 추매하겠습니다 우리의 힘을 보여주고 언감생심 또 이런 짓 못하게 합시다!!!,120,7
88,'주가 40% 떨어진다'…JP모간 보고서에 급락한 셀트리온,11,2020-09-09 23:36,주가가 40% 떨어지는게 아니고 40%를 떨어트리고 싶은거지 공매도 주범중에 하나인 JP모건에서 리포트를 낸다고? 공매도 친 증권사는 리포트 못 내게 막아야 한다 다분히 이해 관계가 있는데 리포트로 주가 하락 시키는게 정상이냐? 애널들이 특정 기업 주식 사라고 꼬시면서 본인이 매도하는건 주가 조작이라면서 증권사가 팔라고 하면서 공매도 치거나 싸게 사들여 대차 상환 하는건 정상 거래냐? 이거야 말로 주가 조작 아니냐?,112,1
89,'주가 40% 떨어진다'…JP모간 보고서에 급락한 셀트리온,12,2020-09-09 23:36,매번 속보인다! JP모건~ 공매를 그렇게 쳐놓고.. 자꾸오르니 부담되지..,96,1
90,'주가 40% 떨어진다'…JP모간 보고서에 급락한 셀트리온,13,2020-09-09 23:36,"《Jp모건은, 셀트리온의 2.5조원의 공매도 몸통임이 만천하에 들어난 셈이다.》개인투자의 투자심리를 겁박하여 주가를 하방으로 몰아쳐 낮은 가격으로 공매도 상환을 위한 술책임이 틀림없다. 셀트리온의 올해 영업성과와 제품 포트폴리오를 보면, 매출은 2배로 성장, 영업이익은 40%를 넘고, 램시마의 기존 처방데이터를 이용하여 램시마SC(자가주사형)라는 혁신제품을 만들어내고 있다. 엉터리 조지나땡땡 애널의 악마의 분석을 그대로 받아들인 주식시장이 불합리하다.",94,3
91,'주가 40% 떨어진다'…JP모간 보고서에 급락한 셀트리온,14,2020-09-09 23:36,조지현 애널상대로 소송들어가야할듯ᆢ시총4조 에대한. 개인변상시키먼ᆢ개새~,82,2
92,'주가 40% 떨어진다'…JP모간 보고서에 급락한 셀트리온,15,2020-09-09 23:36,대놓고 주가조작질 하는 공매도 증권사에 대해 아무것도 못하는 대한민국의 금융당국 클라스~~,77,3
93,'주가 40% 떨어진다'…JP모간 보고서에 급락한 셀트리온,16,2020-09-09 23:36,수익성이 유럽보다 높은 미국 트룩시마 램시마 성장은 안 보이나봐. 유럽 램시마 점유율이 60퍼센트로 압도작인제 100퍼센트는 되야 만족할라나. 경쟁제품 없는 램시마 sc도 유럽에 출시했는데 너한테는 알바 아니지? 삼바는 84만원인데 유럽에서 삼바 바이오는 점유율 더 심하게 하락했던데 그것도 상관없겠지. 조씨. 외국계 투자회사 들어가서 안 짤리고 싶은 건 알겠는데 양심은 저버리고 일하지 마쇼. 나중에 늙어서 죽기전에 후회하지 말고.,68,1
94,'주가 40% 떨어진다'…JP모간 보고서에 급락한 셀트리온,17,2020-09-09 23:36,조지현 애널 손해배상 소송 각오해라,53,0
95,'주가 40% 떨어진다'…JP모간 보고서에 급락한 셀트리온,18,2020-09-09 23:36,매국노 공매도 세력들에게 두번은 속지 맙시다.,45,1
96,'주가 40% 떨어진다'…JP모간 보고서에 급락한 셀트리온,19,2020-09-09 23:36,"외국계 리포트라며, 개애널들은 죄다 한국놈이냐? 나라와 국민을 팔아먹어 뱃속 불린 칫일파랑 뭐가 다른지?",40,0
97,"걸그룹 출신 20대 가수, 한강 다리에서 극단적 선택 시도(서울=연합뉴스) 문다영 기자 = 9일 낮 12시 17분께 서울 성산대교에서 걸그룹 출신 가수인 신모(22)씨가 극단적 선택을 하려…",1,2020-09-09 23:36,전남편이 유부녀와 바람나고 집나가고 너무 충격받아서 17개월된 아이를 두고 목메달려고 남편의 군화줄을 묶고 의자에까지 올라가서 줄을 목에 걸고 의자를 밀려는 순간 엄마얼굴이 떠올랐어요. 내가 죽으면 울 엄마가 얼마나 가슴을 부여잡고 우실지 그 울음소리가 들리는 느낌이였어요. 그래서 내려와서 지금은 힘내서 지내요.참 희한한게 그 순간 딸아이보다 엄마가 더 걱정이 되었답니다. 그 어떤 말로도 지금 당장은 위로가 되진 않겠지만 당신이 잘못되면 남아있는 사랑하는 사람들은 죽을때까지 가슴을 부여잡으며 슬픔에서 지내게 될거에요. 조금만 힘내요,5164,114
98,"걸그룹 출신 20대 가수, 한강 다리에서 극단적 선택 시도(서울=연합뉴스) 문다영 기자 = 9일 낮 12시 17분께 서울 성산대교에서 걸그룹 출신 가수인 신모(22)씨가 극단적 선택을 하려…",2,2020-09-09 23:36,마음 잘 추스리고 가해자들 잊고사세요. 세월 지고보면 그런거 아무것도 아니에요. 20대인데 앞으로 살 날이 더 많잖아요.,3319,117
99,"걸그룹 출신 20대 가수, 한강 다리에서 극단적 선택 시도(서울=연합뉴스) 문다영 기자 = 9일 낮 12시 17분께 서울 성산대교에서 걸그룹 출신 가수인 신모(22)씨가 극단적 선택을 하려…",3,2020-09-09 23:36,그들보다 더 당당하게 살아 그들을 부끄럽게 하세요 당신의 삶에 언제나 빛이 빛나기를 빕니다 힘내세요,1435,53
100,"걸그룹 출신 20대 가수, 한강 다리에서 극단적 선택 시도(서울=연합뉴스) 문다영 기자 = 9일 낮 12시 17분께 서울 성산대교에서 걸그룹 출신 가수인 신모(22)씨가 극단적 선택을 하려…",4,2020-09-09 23:36,신민아씨 소속사와맴버들이 왕따시키더니 극단적선택했네 다행이 구조되서 힘내시길,993,123
101,"걸그룹 출신 20대 가수, 한강 다리에서 극단적 선택 시도(서울=연합뉴스) 문다영 기자 = 9일 낮 12시 17분께 서울 성산대교에서 걸그룹 출신 가수인 신모(22)씨가 극단적 선택을 하려…",5,2020-09-09 23:36,한번 자살 시도한 사람은 언제고 다시 시도할 수 있으니 철저하게 보호하고 심리 치료도 병행해야,751,63
102,"걸그룹 출신 20대 가수, 한강 다리에서 극단적 선택 시도(서울=연합뉴스) 문다영 기자 = 9일 낮 12시 17분께 서울 성산대교에서 걸그룹 출신 가수인 신모(22)씨가 극단적 선택을 하려…",6,2020-09-09 23:36,20대까지 친구친구하고 의리고 뭐고 그러지 딱 30대 넘어봐라 ㅋㅋ 거의 남이다 ~ 인생 독고다이다 ~ 견뎌라 제발 ~,486,7
103,"걸그룹 출신 20대 가수, 한강 다리에서 극단적 선택 시도(서울=연합뉴스) 문다영 기자 = 9일 낮 12시 17분께 서울 성산대교에서 걸그룹 출신 가수인 신모(22)씨가 극단적 선택을 하려…",7,2020-09-09 23:36,21살때 기억도 잘 안납니다.그만큼 지나가는 시간입니다 나중에 3~40대 되서 생각해보면 아무것도 아니에요. 자기 자신을 소중하게 생각하세요. 앞으로 행복할날이 많습니다.,365,9
104,"걸그룹 출신 20대 가수, 한강 다리에서 극단적 선택 시도(서울=연합뉴스) 문다영 기자 = 9일 낮 12시 17분께 서울 성산대교에서 걸그룹 출신 가수인 신모(22)씨가 극단적 선택을 하려…",8,2020-09-09 23:36,항상 자신감 잃지마.좋은 날이 올거야.항상 믿음을 가져야되,313,31
105,"걸그룹 출신 20대 가수, 한강 다리에서 극단적 선택 시도(서울=연합뉴스) 문다영 기자 = 9일 낮 12시 17분께 서울 성산대교에서 걸그룹 출신 가수인 신모(22)씨가 극단적 선택을 하려…",9,2020-09-09 23:36,윤미향 같은 애도 땅땅거리며 사는데 젊은 나이에~,384,139
106,"걸그룹 출신 20대 가수, 한강 다리에서 극단적 선택 시도(서울=연합뉴스) 문다영 기자 = 9일 낮 12시 17분께 서울 성산대교에서 걸그룹 출신 가수인 신모(22)씨가 극단적 선택을 하려…",10,2020-09-09 23:36,"힘내세요! 전 임신 7주차에 남편이 심정지로 사망하고 아기 혼자 키우게 됐어요ㅠㅠ 아기를 어찌 혼자 키우나 걱정에 울기도 많이 울고 했는데, 지금은 보란듯이 행복하게 아기랑 살고있어요! 마음만 단단히 먹으면 못할게 없어요! 화이팅!",241,4
107,"걸그룹 출신 20대 가수, 한강 다리에서 극단적 선택 시도(서울=연합뉴스) 문다영 기자 = 9일 낮 12시 17분께 서울 성산대교에서 걸그룹 출신 가수인 신모(22)씨가 극단적 선택을 하려…",11,2020-09-09 23:36,"아이러브 소속사 대처가 너무 못됐다. 전부 허위사실이라고 피해자 두번 죽이네,,오죽하면 다리에서 뛰어내리려 했을까,,진심어린 사과 한마디면 될걸, ㅉㅉ",194,7
108,"걸그룹 출신 20대 가수, 한강 다리에서 극단적 선택 시도(서울=연합뉴스) 문다영 기자 = 9일 낮 12시 17분께 서울 성산대교에서 걸그룹 출신 가수인 신모(22)씨가 극단적 선택을 하려…",12,2020-09-09 23:36,난간에서 넘실대는 물속으로 뛰어내릴 그용기로 가서 왕따시키는 가해자들 냅다 들이받아버려요. 주변사람들에게 도움도 청하고 적극적으로 대응하세요. 원래 약자에게는 한없이 고약하고 강자에게는 꼼짝도 못하는게 그런 부류들이니까. 눈 뒤집혀서 더 못되게굴면 더는 못건드립니다.,159,4
109,"걸그룹 출신 20대 가수, 한강 다리에서 극단적 선택 시도(서울=연합뉴스) 문다영 기자 = 9일 낮 12시 17분께 서울 성산대교에서 걸그룹 출신 가수인 신모(22)씨가 극단적 선택을 하려…",13,2020-09-09 23:36,뭣 하러 자살하려고 해요?밉고 싫은 사람들때문에 사랑하는 가족과 지인들에 충격과 슬픔 남기고 지켜주지 못한 죄책감으로 살게 하시려고요?사랑하는 가족과 지인들과 얼마나 즐겁고 행복하게 살수 있는데요...밉고 싫은 사람들 실컷 욕해주고인연 끊고 안보고 살면 되요.그럼 살아져요.나중에는 살아있음에 행복할거에요.힘내세요!!,156,7
110,"걸그룹 출신 20대 가수, 한강 다리에서 극단적 선택 시도(서울=연합뉴스) 문다영 기자 = 9일 낮 12시 17분께 서울 성산대교에서 걸그룹 출신 가수인 신모(22)씨가 극단적 선택을 하려…",14,2020-09-09 23:36,자발적 아웃사이더가 돼보세요 인생사는거 세상 편해집니다,136,7
111,"걸그룹 출신 20대 가수, 한강 다리에서 극단적 선택 시도(서울=연합뉴스) 문다영 기자 = 9일 낮 12시 17분께 서울 성산대교에서 걸그룹 출신 가수인 신모(22)씨가 극단적 선택을 하려…",15,2020-09-09 23:36,왜 남 땜에 내가 죽어야 하냐? 그럴려고 세상에 나온게 아닌데,118,1
112,"걸그룹 출신 20대 가수, 한강 다리에서 극단적 선택 시도(서울=연합뉴스) 문다영 기자 = 9일 낮 12시 17분께 서울 성산대교에서 걸그룹 출신 가수인 신모(22)씨가 극단적 선택을 하려…",16,2020-09-09 23:36,살아주셔서 고맙습니다. 마음이 많이 아팠겠지만 긴 삶과 어머니 생각해보시면 또 마음 잡게 됩니다. 그리고 시간이 지나고 나면 또 많이 아물게 될거예요. 진짜 그러면 안돼요. 아셨죠? 너무 많이 아파하지마세요... 댓글 진짜 안다는데 거의 딸 같은 아가씨라 지나치질 못하겠네요.,123,8
113,"걸그룹 출신 20대 가수, 한강 다리에서 극단적 선택 시도(서울=연합뉴스) 문다영 기자 = 9일 낮 12시 17분께 서울 성산대교에서 걸그룹 출신 가수인 신모(22)씨가 극단적 선택을 하려…",17,2020-09-09 23:36,저도 오늘 우을증 약 처방받았어요.. 저같은거도 살려고 하는데 힘내요 힘내란말 도움 안되겠지만,99,5
114,"걸그룹 출신 20대 가수, 한강 다리에서 극단적 선택 시도(서울=연합뉴스) 문다영 기자 = 9일 낮 12시 17분께 서울 성산대교에서 걸그룹 출신 가수인 신모(22)씨가 극단적 선택을 하려…",18,2020-09-09 23:36,죽으면 지는거다! 살아서 잘되는 걸 보여주는게 복수다,94,4
115,"걸그룹 출신 20대 가수, 한강 다리에서 극단적 선택 시도(서울=연합뉴스) 문다영 기자 = 9일 낮 12시 17분께 서울 성산대교에서 걸그룹 출신 가수인 신모(22)씨가 극단적 선택을 하려…",19,2020-09-09 23:36,병원 중환자실가면...하루를 더 살기위해 애쓰는 의료진과 환자들이 있습니다. 목숨 귀하게 여기고 마음 잘 추스리고 힘내세요~,92,8
116,"걸그룹 출신 20대 가수, 한강 다리에서 극단적 선택 시도(서울=연합뉴스) 문다영 기자 = 9일 낮 12시 17분께 서울 성산대교에서 걸그룹 출신 가수인 신모(22)씨가 극단적 선택을 하려…",20,2020-09-09 23:36,얼마나 억울했으면 계속 시도를 할까요?ㅠ그러지 말기를...그런다고 억울함이 풀리지 않아요.힘들겠지만 나중에꽃길을 걸으라고 이런 가시밭길을 잠깐 준거 같네요.힘내시기 바래요,82,3
117,[속보] 검찰도 코로나19 확진자 발생…수도권 다녀온 뒤 증…,1,2020-09-09 23:36,이 정도인데 추석때 대이동 어쩔려고 권고만하고 계시나요?? 어르신들 다 오라고 난리인데,340,5
118,[속보] 검찰도 코로나19 확진자 발생…수도권 다녀온 뒤 증…,2,2020-09-09 23:36,깜깜이 감염 어떡하냐 진짜..,71,0
119,[속보] 검찰도 코로나19 확진자 발생…수도권 다녀온 뒤 증…,3,2020-09-09 23:36,추석때 각자 집에만있자...어딜가냐 겉잡을수없이 퍼진다.,71,1
120,[속보] 검찰도 코로나19 확진자 발생…수도권 다녀온 뒤 증…,4,2020-09-09 23:36,이제 너무 지치네요..,34,1
121,[속보] 검찰도 코로나19 확진자 발생…수도권 다녀온 뒤 증…,5,2020-09-09 23:36,마스크 쓰고도 감염됐는지 알려주세요,20,0
122,[속보] 검찰도 코로나19 확진자 발생…수도권 다녀온 뒤 증…,6,2020-09-09 23:36,이 코로나의 마무리는 어떻게 끝이 날까... 끝은 있을까... 오늘은 그런 생각이 든다... 우리들의 너무나도 평범했던 그 일상이 사무치게 그리워지는... 다가오는 추석이 무섭다... 이번엔 그냥 오지마라.... 이 한마디 해주길 기다리는 하루하루가... 지친다 지쳐.....,12,0
123,[속보] 검찰도 코로나19 확진자 발생…수도권 다녀온 뒤 증…,7,2020-09-09 23:36,서울.수도권다녀온뒤?참 여기사는 사람으로서 불안하기도 하지만그냥 다녀왔다고 확진되는거면 ..3단계 가야하는거 아닙니까?,12,0
124,[속보] 검찰도 코로나19 확진자 발생…수도권 다녀온 뒤 증…,8,2020-09-09 23:36,이정도면 수도권엔 이미 그냥 퍼질대로 퍼져있다고 봐도 무방한듯...ㅠㅠ,8,2
125,[속보] 검찰도 코로나19 확진자 발생…수도권 다녀온 뒤 증…,9,2020-09-09 23:36,"질본은 무작위 검사 실시하세요,, 사회적 감염정도가 심각합니다,, 특정집단 중심으로 방역과 검사를 한것 자체가 잘못된 방역이었습니다",6,0
126,[속보] 검찰도 코로나19 확진자 발생…수도권 다녀온 뒤 증…,10,2020-09-09 23:36,"서울 좀 그만오세요...ㅠㅠ 지금은 서로를 위해서 서울분들은 지방자제, 지방분들은 서울자제 합시다 ㅠㅠ 서울은 깜깜이 환자가 너무 많아서 심각한 상황이라고 아는 역학조사관분이 밖에 나오지말라 하셨어요 진짜 서로 조심합시다 저는 젊으니 걸려도 상관없는데 부모님이나 연로하신분들이 걱정이네요",8,3
127,[속보] 검찰도 코로나19 확진자 발생…수도권 다녀온 뒤 증…,11,2020-09-09 23:36,그래도 검찰은 걱정없습니다. 지구상에 가장 악날한 바이러스 같은 존재라 코로나 따윈 검찰이 이깁니다.,7,2
128,[속보] 검찰도 코로나19 확진자 발생…수도권 다녀온 뒤 증…,12,2020-09-09 23:36,"새롭게 출범한 질병관리청도 3월의 질본 처럼 다시 냉정한 판단 하길 바람. 검사량 절반이상 줄여서 150대 계속 나오는걸 안정세라고 눈속임 발표만 할게 아니라, 감염의학전문가들이 경고한대로 최대한 방역효과 거두려면 당장 3단계 격상시켜서 대응하는 방법 밖에 없고, 질청은 정부에 3단계 격상 요구해야 함. 정부와 자영업자들은 9월 손실과 추석대목장사 아쉬워만 하다가는 정작 추석을 막지 못하면 4분기는 최악의 경제난과 의료붕괴로 한국은 끝장임. 정부도 그걸 알텐데 그저 정치적 셈법과 추석 장사, 민심, 지지율이 우선 고려",4,1
129,[속보] 검찰도 코로나19 확진자 발생…수도권 다녀온 뒤 증…,13,2020-09-09 23:36,추석 대이동 법으로 막아주세요. 이 정도면 공포스러워요.,3,0
130,[속보] 검찰도 코로나19 확진자 발생…수도권 다녀온 뒤 증…,14,2020-09-09 23:36,이젠 삶이힘드네요. . . 자영업자입니다.더는 버틸수가 아 진짜 오래가네요,3,0
131,[속보] 검찰도 코로나19 확진자 발생…수도권 다녀온 뒤 증…,15,2020-09-09 23:36,이래도.2.5 풀껀가요,3,0
132,[속보] 검찰도 코로나19 확진자 발생…수도권 다녀온 뒤 증…,16,2020-09-09 23:36,"마스크착용, 거리두기, 체온재기, 어딜가도 인명부작성, 등등 해도 자꾸 코로나가 번진다면 걍 평소대로 하는게 낫지않나. 살기가 너무 불편하고 힘들어 죽겠다..........",2,0
133,[속보] 검찰도 코로나19 확진자 발생…수도권 다녀온 뒤 증…,17,2020-09-09 23:36,광화문집회 막아보려고 교회에 코로나테러한게 여러사람 다 망치네,2,0
134,[속보] 검찰도 코로나19 확진자 발생…수도권 다녀온 뒤 증…,18,2020-09-09 23:36,중국의 다롄시는 7일동안 400만명의 시민들 코로나 검사를 해서 무증상감염자들 걸러냄....지금 중국은 사실상 코로나종식이라 말하지만 이건 믿음이 안감 언제든지 터질수있는거고...우리나라도 한달 잡고 전국민상대로 코로나검진을 받으면서 무증상 감염자를 찾아내야할텐데...정부가 너무 답답합니다 그냥 백신나올때까지 시간끌기밖에...경제망할가봐 아무것도 손도못쓰고...강국과 약국의 차이를 코로나로인해 톡톡히 느낌..일부인들은 또 내가 조선족이라 욕하겠짘ㅋㅋ,2,1
135,[속보] 검찰도 코로나19 확진자 발생…수도권 다녀온 뒤 증…,19,2020-09-09 23:36,다들 추석에 지방으로 이동만 생각하는 것 같은데요-서울로 수도권으로 오는 사람도 많아요.머리가 제대로 되었으면 아예 움직이지 않겠지만똥만찬 사람들이 있어서요..,1,0
136,[속보] 검찰도 코로나19 확진자 발생…수도권 다녀온 뒤 증…,20,2020-09-09 23:36,아님 추석때 전국민 코로나 검사 하던가요 마지막임...ㅠㅠ,1,0
137,만취 30대女 벤츠가 넘은 중앙선…치킨 배달하던 가장 숨졌…,1,2020-09-09 23:36,음주운전은 절대해서는 안되는 살인행위....안타까운 사고에 삼가 명복을 빕니다 운전자는 강력 처벌받아야 마땅하고 피해 유족분들께 평생 사죄해라,459,2
138,만취 30대女 벤츠가 넘은 중앙선…치킨 배달하던 가장 숨졌…,2,2020-09-09 23:36,재산몰수 치킨가족에게로 주고 무기징역. 넣어주세요,223,8
139,만취 30대女 벤츠가 넘은 중앙선…치킨 배달하던 가장 숨졌…,3,2020-09-09 23:36,혼자 죽던지 남의 생명과 한집안을 풍비박산 내다니 절대 용서치마라.,133,1
140,만취 30대女 벤츠가 넘은 중앙선…치킨 배달하던 가장 숨졌…,4,2020-09-09 23:36,음주운전은 칼만 안들었지 “작정하고 저지를 살인”이나 다를바 없다고 봅니다.,69,1
141,만취 30대女 벤츠가 넘은 중앙선…치킨 배달하던 가장 숨졌…,5,2020-09-09 23:36,술처묵고 운전대 잡는것도 버릇이다,42,0
142,만취 30대女 벤츠가 넘은 중앙선…치킨 배달하던 가장 숨졌…,6,2020-09-09 23:36,술마실 돈은 있고 대리기사비는 없습니까? 올바른 술문화 정착되긴 글렀으니 음주운전자가 사고로 사상자발생시 연좌제 적용해서 같이 술마신 사람들도 방조죄로 5년 형때려야 근절 될 것 같습니다.,24,0
143,만취 30대女 벤츠가 넘은 중앙선…치킨 배달하던 가장 숨졌…,7,2020-09-09 23:36,"처음 뎃글남겨 봅니다 ...제발 제발 그러지 마세여... 왜 너님들 하나때매 왜 피해를 봐야합니까,,,,진짜,,, 마음 너무 아프다.,,. 누군가의 남편이고 부모이자 자식이실텐데 ,,삼가고인의명복을빕니다,,",19,0
144,만취 30대女 벤츠가 넘은 중앙선…치킨 배달하던 가장 숨졌…,8,2020-09-09 23:36,음주 운전자랑 동승자 둘다 윤창호법 적용시켜서 최고형벌 때려주세요!!벤츠살돈은 있고 대리비는 없는 불쌍한 인간들아!삼가 고인의 명복을 빕니다...,18,1
145,만취 30대女 벤츠가 넘은 중앙선…치킨 배달하던 가장 숨졌…,9,2020-09-09 23:36,에라이 1 8 녀야,17,0
146,만취 30대女 벤츠가 넘은 중앙선…치킨 배달하던 가장 숨졌…,10,2020-09-09 23:36,업소녀인듯ㅎ,16,1
147,만취 30대女 벤츠가 넘은 중앙선…치킨 배달하던 가장 숨졌…,11,2020-09-09 23:36,벤츠 차량이라고 하지말고 차량 모델명을 말해라. 국산차 사고나면 만취상태로 몰던 현대 차량 이라고 쓰냐?,14,1
148,만취 30대女 벤츠가 넘은 중앙선…치킨 배달하던 가장 숨졌…,12,2020-09-09 23:36,고인의 명복을 빕니다. 한 집안의 가장일텐데 가족들은 얼마나 맘 아플까요. 이 시국에 술 쳐 마시고 운전이라니.... 세금으로 교도소 밥도 먹여줘야하나요???,13,0
149,만취 30대女 벤츠가 넘은 중앙선…치킨 배달하던 가장 숨졌…,13,2020-09-09 23:36,이런기사 볼때마다 느끼는거는 법이 법같지 않다는 거야!벌금도 약하고!그리고 다시는 운전못하게 면허못따게 해야함!,13,0
150,만취 30대女 벤츠가 넘은 중앙선…치킨 배달하던 가장 숨졌…,14,2020-09-09 23:36,음주운전은 무조건 살인죄를 적용해야합니다! 한순간에 가장을 잃은 피해자 가족의 생계와 슬픔은 그 무엇으로도 보상받을 수 없습니다!,12,0
151,만취 30대女 벤츠가 넘은 중앙선…치킨 배달하던 가장 숨졌…,15,2020-09-09 23:36,음주운전으로 사망자 발생하면 살인죄 적용해야한다,12,0
152,만취 30대女 벤츠가 넘은 중앙선…치킨 배달하던 가장 숨졌…,16,2020-09-09 23:36,제발 저건 분명 살인죄로 처벌해야한다~ 제발 판새들아~,11,0
153,만취 30대女 벤츠가 넘은 중앙선…치킨 배달하던 가장 숨졌…,17,2020-09-09 23:36,음주운전은 과실이 아니고 살인으로 처벌해야지...,11,0
154,만취 30대女 벤츠가 넘은 중앙선…치킨 배달하던 가장 숨졌…,18,2020-09-09 23:36,너무 슬프군요 있는것들은 술마시고 음주운전하다가 치킨배달하는 서민만 죽었구나 강력하게 처벌하세요,10,0
155,만취 30대女 벤츠가 넘은 중앙선…치킨 배달하던 가장 숨졌…,19,2020-09-09 23:36,벤츠가 음주운전이랑 뭔 상관?음주운전이라고만 쓰면 되지 꼭 이렇게 기사를 자극적으로 내야 속 시원해요? 촌스럽다 진짜,10,1
156,만취 30대女 벤츠가 넘은 중앙선…치킨 배달하던 가장 숨졌…,20,2020-09-09 23:36,아..제발 음주운전은 엄벌에 처해주세요...한 두번도 아니고 음주운전으로 안타까운 죽음이 얼마나 많습니까ㅠㅠ 돌아가신 분도 안타깝지만 남은 가족들은 얼마나 애통해하며 남은 세월을 살아가야될지 진짜 속상합니다..ㅠㅠ,9,0
157,[속보] '여행에 미치다' 조준기 대표 결국 사망,1,2020-09-09 23:36,민주당 의원은 음란물 sns에 게재하고도 잘살고 있는데,6229,938
158,[속보] '여행에 미치다' 조준기 대표 결국 사망,2,2020-09-09 23:36,물타기 하지마라 인간들아 잘못한 놈이 벌받기 싫어서 빤스런한 건데,4313,771
159,[속보] '여행에 미치다' 조준기 대표 결국 사망,3,2020-09-09 23:36,쩝... 굳이 자살로 생을 마감했어야 했나...,1840,67
160,[속보] '여행에 미치다' 조준기 대표 결국 사망,4,2020-09-09 23:36,"마녀사냥이라고들 하는데.. 뭐가 마녀사냥일까? 오히려 죄값 안받고 회피한게 문제 아닌가? 야동은 지녀도 문제고, 불법 촬영이면 더 큰 성범죄인데 도대체 뭐가 마녀사냥이지? 박원순이랑 뭐가 다름? 둘 다 성범죄 혐의가 있고, 회피하듯 자살. 뭐가 다르냐고. 박원순이랑 이 양반이랑 반응 참 다르네.",1707,273
161,[속보] '여행에 미치다' 조준기 대표 결국 사망,5,2020-09-09 23:36,참.. 멍청하고 안타깝다...,1015,74
162,[속보] '여행에 미치다' 조준기 대표 결국 사망,6,2020-09-09 23:36,에휴 할말이없다,481,26
163,[속보] '여행에 미치다' 조준기 대표 결국 사망,7,2020-09-09 23:36,정준영 승리 이런애들도 ㅈㄴ잘 사는데 죽긴왜죽나 ㄷㄷ,395,18
164,[속보] '여행에 미치다' 조준기 대표 결국 사망,8,2020-09-09 23:36,자살할 만큼 창피했나보군... 하긴 불법 촬영물 유포는;;,349,26
165,[속보] '여행에 미치다' 조준기 대표 결국 사망,9,2020-09-09 23:36,성범죄 저지르면 하늘나라로 빤스런하는게 요즘 트렌드냐?,328,24
166,[속보] '여행에 미치다' 조준기 대표 결국 사망,10,2020-09-09 23:36,그래도 계좌 번호는 쫌..,262,21
167,[속보] '여행에 미치다' 조준기 대표 결국 사망,11,2020-09-09 23:36,고인의 명복을 빕니다. 트위터에 근친 AV를 올리신 분은 잘만 살아계시는데...,225,21
168,[속보] '여행에 미치다' 조준기 대표 결국 사망,12,2020-09-09 23:36,유서에 계좌적는사람은 첨 봄ㅋㅋㅋㅋ,202,13
169,[속보] '여행에 미치다' 조준기 대표 결국 사망,13,2020-09-09 23:36,조씨 남자.. 그것은.. 과학입니다..,206,36
170,[속보] '여행에 미치다' 조준기 대표 결국 사망,14,2020-09-09 23:36,지가 부끄러워서 죽음을 택한건데 안타깝느니 뭐라느니,160,14
171,[속보] '여행에 미치다' 조준기 대표 결국 사망,15,2020-09-09 23:36,조씨 정말 머있나?,119,12
172,[속보] '여행에 미치다' 조준기 대표 결국 사망,16,2020-09-09 23:36,본인이 평생 이룬 걸 한 순간에 부정 당할 만큼 빻은 짓 한 것도 결국 본인. 다 자기 업보다. 누굴 탓하겠음.,100,9
173,[속보] '여행에 미치다' 조준기 대표 결국 사망,17,2020-09-09 23:36,죽음으로 죄를 무마하려는건 정말 잘못된 것입니다.,100,10
174,[속보] '여행에 미치다' 조준기 대표 결국 사망,18,2020-09-09 23:36,너희가 악플을 안먹어봐서 그렇지 ㅋㅋㅋ 겜하면서 한명한테 욕먹어도 부들거리는것들이 악플을 별거아닌거처럼말하네 ㅋㅋㅋㅋㅋ,122,35
175,[속보] '여행에 미치다' 조준기 대표 결국 사망,19,2020-09-09 23:36,성범죄 저지르면 자살하는게 관행이되네,79,4
176,[속보] '여행에 미치다' 조준기 대표 결국 사망,20,2020-09-09 23:36,자살하면서 본인 조의금 내라고 계좌 남기는 사람 첨봤다,76,4
177,코로나로 빈 학교서…교장부터 교사까지 '막걸리 술판',1,2020-09-09 23:36,미쳤구나~~~~ 다 교직에서 퇴출시켜라,1198,8
178,코로나로 빈 학교서…교장부터 교사까지 '막걸리 술판',2,2020-09-09 23:36,아니 기간제교사는 어쩔수없이 합석했을텐데 제일 먼저 짤라?,951,6
179,코로나로 빈 학교서…교장부터 교사까지 '막걸리 술판',3,2020-09-09 23:36,소문이 사실이었군. 선생들 코로나로 수업도 안하고 유투브링크만 걸어놓고 탱자탱자 놀다보니 간이 부었네.. 이 혼란한 시기에도 열심히 가르치려 연구하고 영상찍고 편집해서 올리고 피드백주고받는 참 선생님들 얼굴에 똥칠하고 자빠졌네,707,27
180,코로나로 빈 학교서…교장부터 교사까지 '막걸리 술판',4,2020-09-09 23:36,코로나덕택에 놀고먹고 월급까지 챙기고 정부와함께 최대수혜자 재난지원금까지 챙겨드시고 아주신났지,553,47
181,코로나로 빈 학교서…교장부터 교사까지 '막걸리 술판',5,2020-09-09 23:36,헐 나도 초등교사지만 아직도 저런 학교가 있다는 것이 신기하다. 같은 교사라고 편들어 주고 싶지도 않다. 다시는 이런 일이 없도록 엄벌을 내려야한다. 이런말하면 공무원의 공공의 적이 되겠지만 최소한의 역할도 못하는 교사나 공무원 퇴출할 수 있는 규정이 있으면 좋겠다.,342,5
182,코로나로 빈 학교서…교장부터 교사까지 '막걸리 술판',6,2020-09-09 23:36,이건 교장을 잘라야 하는거 이니냐?교장이 지휘하는 학교서 기간제교사만 자르고 이건 먼짓이지?,101,1
183,코로나로 빈 학교서…교장부터 교사까지 '막걸리 술판',7,2020-09-09 23:36,"술판은 안 벌였더라도 다른 국공립학교들 교사들 정말 각성해야 한다!!! 이 시국에 월급 꼬박꼬박 받고, 연월차 휴가며 온갖 복지혜택 다 누리면서, 하는 일 없이 세상 편하게 선생질 하시는 분들 많이 본다!! 학원 강사가 더 선생다운 선생 같다. 왜? 아이들 하나하나 잘 살피고 관리해주니까.. 우리 샘들 온라인동영상 링크만 걸어놓고 대체 뭐하십니까?? 애들이 이해했는지 궁금하지도 않은가봐요??",124,27
184,코로나로 빈 학교서…교장부터 교사까지 '막걸리 술판',8,2020-09-09 23:36,완전 해외토픽감이네,92,6
185,코로나로 빈 학교서…교장부터 교사까지 '막걸리 술판',9,2020-09-09 23:36,아이들은 학교도 못가고 친구도 못만나고! 정부는 수업일수 때문에 걱정! 맞벌이 부모님들은 애들 걱정! 아이들에게 모범이 되어야 할 선생은 막걸리 마시고..근데 해고는 시간제교사만..전부 해고시키라..교장은 당연히 해고해야하고!,66,3
186,코로나로 빈 학교서…교장부터 교사까지 '막걸리 술판',10,2020-09-09 23:36,전북교육감..야! 우리편은 봐줘!!,64,1
187,코로나로 빈 학교서…교장부터 교사까지 '막걸리 술판',11,2020-09-09 23:36,아니 선생님들 솔직히 시간도 많으면서 애들학교갈때녹색어머니들이 하는 애들등교할때 선생님들이 좀 해라 전체학생이 등교하는것도 아닌데 코로나때문에 지친학부모한테 그것도 꼭 시켜야겠나? 쫌 봉사좀 하시지,66,15
188,코로나로 빈 학교서…교장부터 교사까지 '막걸리 술판',12,2020-09-09 23:36,저건 전북교육청이 문제인거 아닌가?전북교육청이 징계 먹어야겄네,52,1
189,코로나로 빈 학교서…교장부터 교사까지 '막걸리 술판',13,2020-09-09 23:36,월급은 잘나오지 할일은 없지~잘헌다.,49,3
190,코로나로 빈 학교서…교장부터 교사까지 '막걸리 술판',14,2020-09-09 23:36,학생들 없으니까 살판나고 술판벌이고.. 불황도 없고 술판을 벌여도 월급은 꼬박꼬박 제날짜에.. 살판났네요,47,2
191,코로나로 빈 학교서…교장부터 교사까지 '막걸리 술판',15,2020-09-09 23:36,실시간 쌍방향 온라인 수업으로 힘들게 교단을 자긍심으로 지켜나가는 교사들 보기에 부끄럽지 않니? 관리감독 기관 교육청 책임자들도 다 문책하여 이런 일이 다시 발생되지 않도록 해야 합니다. 교육청 다 한 통속으로 감추고 덮으려다 뒤늦게 수습하는 겁니다.,45,1
192,코로나로 빈 학교서…교장부터 교사까지 '막걸리 술판',16,2020-09-09 23:36,교사들 좀 없애자.. 이제.. AI로 얼릉 대체하자.. 저것들 월급에 연금에.. 세금 너무 들어간다.. 정리해고 좀 하자..,50,15
193,코로나로 빈 학교서…교장부터 교사까지 '막걸리 술판',17,2020-09-09 23:36,코로나 이후 초등교사는 거의 불로소득임...코로나 전을 100이라치면 지금 10이나 20정도 일하나?,39,7
194,코로나로 빈 학교서…교장부터 교사까지 '막걸리 술판',18,2020-09-09 23:36,나라가 미쳐가는구만 기간제교사들은 무슨죄가있는데 기분맞출려고 한것뿐인데 교장부터 짤라,31,0
195,코로나로 빈 학교서…교장부터 교사까지 '막걸리 술판',19,2020-09-09 23:36,"학생들은 코로나사태 때문에 학교도 못가고 있는데, 교장과 교사란 것들이 술판이라니. 참 어이가 없다.. 과연 제정신인가? 정신감정 해봐야 하진 않을까? 😡",31,2
196,코로나로 빈 학교서…교장부터 교사까지 '막걸리 술판',20,2020-09-09 23:36,"이번 코로나로 제일 큰 특혜를 받는 초딩교사들~~학생안와도 월급나오고 애들도 없으니 온라인쇼핑 맘껏하고, 동영상은 ebs로 돌리고, 방역이랑 원격도우미는 외부사람들이 따로하고 내년에 월급도 또 올린다는데 월급이 아깝다~~도대체 힘들다는데..뭐가힘든건지..다들 왜 초딩교사될려하는지 알겠다.",32,6
197,"""어린이집 못 가, 할머니댁 가자""…육아대디의 길어진 출근…‘싱글맘’ 직장인 이도윤 씨(39)는 사회적 거리두기 2.5단계 시행이 발표된 지난달 28일 이후 일이 손에 잡히지 않는다. 이날 …",1,2020-09-09 23:36,손주 보는 할머니들이 제일 힘들다 징징대지 마라,1470,132
198,"""어린이집 못 가, 할머니댁 가자""…육아대디의 길어진 출근…‘싱글맘’ 직장인 이도윤 씨(39)는 사회적 거리두기 2.5단계 시행이 발표된 지난달 28일 이후 일이 손에 잡히지 않는다. 이날 …",2,2020-09-09 23:36,"중국인 입국 금지만 했어도... 중국인 입국 금지한 대만 현재 사망자 단 7명, 등교 야구 직관 대규모 축제 행사 모두 정상 생활하고 있습니다.",1043,204
199,"""어린이집 못 가, 할머니댁 가자""…육아대디의 길어진 출근…‘싱글맘’ 직장인 이도윤 씨(39)는 사회적 거리두기 2.5단계 시행이 발표된 지난달 28일 이후 일이 손에 잡히지 않는다. 이날 …",3,2020-09-09 23:36,"회사에서 재택으로 전환되어 어린이집 안보내고 아이둘 데리고 재택 근무 시작한지 3주째 입니다. 일하면서 애들보고 정말 전쟁 이런전쟁이 따로 없고 주말에도 집에 있고 아이들도 참 안쓰럽네요..., 그래도 회사 배려로 저는 이렇게 지내고 있지만 회사 출근 해야 하고 상황이 주변 도움 못 받을 워킹맘들 참 힘들것 같아요.. 코로나 인데 아이가 먼저지 회사때문에 징징 된다는 글 보면 다 사정이 있을텐데 엄한 비난받는거 같다는 생각합니다. 회사와 워킹맘 사이에서 단축 근무나 재택 근무 장려로 서로 잘 이겨 내면 좋겠어요.",631,20
200,"""어린이집 못 가, 할머니댁 가자""…육아대디의 길어진 출근…‘싱글맘’ 직장인 이도윤 씨(39)는 사회적 거리두기 2.5단계 시행이 발표된 지난달 28일 이후 일이 손에 잡히지 않는다. 이날 …",4,2020-09-09 23:36,"일 포기하고 아이와 함께 있는 맘입니다. 아이가 저학년이라 스스로 학습이 안되구, 조부모님이 계신다 한들 매일 맡기는 것도 죄송하구 원격수업 힘들어하셔서 다 포기하고 집에 있네요. 혼자 벌어 힘들지만 그만큼 아끼구, 세 끼 집에서 챙겨 주면서 아이 학습 진도 뒤쳐질까 봐주면서 그리 살고 있네요. 어쩔 수 없이 맞벌이 하시는 분도 계시겠지만, 정책도 기사도 매번 맞벌이 엄마에게만 국한 되는 것 같아 힘빠질때도 있어요. 그래도 위험한 시기에 내 아이 집에서 지킨다 생각하고 하루 하루 버팁니다. 지금은 대한민국이 다 힘드네요ㅠㅠ",477,21
201,"""어린이집 못 가, 할머니댁 가자""…육아대디의 길어진 출근…‘싱글맘’ 직장인 이도윤 씨(39)는 사회적 거리두기 2.5단계 시행이 발표된 지난달 28일 이후 일이 손에 잡히지 않는다. 이날 …",5,2020-09-09 23:36,그래도 일할곳있는 분들은 행복한겁니다 전업주부는 정말 심신이 힘들어요,404,103
202,"""어린이집 못 가, 할머니댁 가자""…육아대디의 길어진 출근…‘싱글맘’ 직장인 이도윤 씨(39)는 사회적 거리두기 2.5단계 시행이 발표된 지난달 28일 이후 일이 손에 잡히지 않는다. 이날 …",6,2020-09-09 23:36,아이둘과 근 8개월 집에 갇혀지내는 중입니다.힘든 것도 어느정도 익숙해져서 괜찮고 밥이나 티비시청이나 어느정도는 그냥 대충 먹이고 보여주고 지냅니다.코로나 없던 시절처럼 너무 잘하려고하다 엄마가 지치면 아이들이 더 힘들어질거라고 생각해서요.건강이 최우선이죠. 당분간은 공부며 사회성이며 초조해하지 않기로 했어요.언젠가 이모든일이 끝나고 아이들과 마스크 안쓰고 키즈까페도 다니고 맑은 공기 마시며 바다가서 해수욕하고 싶네요.,95,1
203,"""어린이집 못 가, 할머니댁 가자""…육아대디의 길어진 출근…‘싱글맘’ 직장인 이도윤 씨(39)는 사회적 거리두기 2.5단계 시행이 발표된 지난달 28일 이후 일이 손에 잡히지 않는다. 이날 …",7,2020-09-09 23:36,"왜 항상 제목에 어린이집만 특히 못가는것처럼 쓰시나요? 어린이집 등원율이 제일높아요. 긴급보육 기간? 코로나로 재택근무 하는 부모님중에도 어린이집,유치원 등원 시키는 사람 많아요.",71,1
204,"""어린이집 못 가, 할머니댁 가자""…육아대디의 길어진 출근…‘싱글맘’ 직장인 이도윤 씨(39)는 사회적 거리두기 2.5단계 시행이 발표된 지난달 28일 이후 일이 손에 잡히지 않는다. 이날 …",8,2020-09-09 23:36,"아이들은 태어남의 유무, 장애의 유무, 국적, 성별, 외모, 마른 체질의 유무 그 어떤 것도 선택하지 못한 채 이 세상에 태어남을 당합니다 (수동) 명심하세요 당신이 결혼하여 아이를 낳고 싶다면 당신과 당신의 배우자는 아이를 낳을지 안낳을지 선택할 수 있지만 당신의 아이는 그 어떤 것도 선택할 수 없습니다. 그러니 부모님이신 분들, 부모가 되실 분들은 그 어떤 것도 선택하지 못한 채 태어나진, 당신들의 유전자를 받은 아이가 '비록 내가 원한 건 아니지만 살아있어 행복하다'고 할 수 있게 훈육과 함께 최대한 사랑해주세요 부탁드려요",65,0
205,"""어린이집 못 가, 할머니댁 가자""…육아대디의 길어진 출근…‘싱글맘’ 직장인 이도윤 씨(39)는 사회적 거리두기 2.5단계 시행이 발표된 지난달 28일 이후 일이 손에 잡히지 않는다. 이날 …",9,2020-09-09 23:36,둘째 안낳은거 정말 잘한거 같아요. 그나마 아이 하나니까 어떻게든 버티는것 같아요.,60,2
206,"""어린이집 못 가, 할머니댁 가자""…육아대디의 길어진 출근…‘싱글맘’ 직장인 이도윤 씨(39)는 사회적 거리두기 2.5단계 시행이 발표된 지난달 28일 이후 일이 손에 잡히지 않는다. 이날 …",10,2020-09-09 23:36,코로나는. 다. 처음. 이다..,54,0
207,"""어린이집 못 가, 할머니댁 가자""…육아대디의 길어진 출근…‘싱글맘’ 직장인 이도윤 씨(39)는 사회적 거리두기 2.5단계 시행이 발표된 지난달 28일 이후 일이 손에 잡히지 않는다. 이날 …",11,2020-09-09 23:36,첫째둘째낳고 복직하고 일하는 5년동안 엄마찬스 썼는데 찬스가아니었다.폭삭 늙으셨고 염색할시간도 없어서 흰머리 그대로에 모자쓰고 그 아침 우리집으로 출퇴근하신 울엄마. 모두가 힘들어보여 복직8개월차에 퇴사했다.나는 좀 힘들어졌지만 모두가 평화로워졌다. 특히 엄마 날아다니심.,53,0
208,"""어린이집 못 가, 할머니댁 가자""…육아대디의 길어진 출근…‘싱글맘’ 직장인 이도윤 씨(39)는 사회적 거리두기 2.5단계 시행이 발표된 지난달 28일 이후 일이 손에 잡히지 않는다. 이날 …",12,2020-09-09 23:36,우리원 애들 다 나온다..집에서 계시는 어머니도 애 보낸다..제대로 알고 써라...,65,16
209,"""어린이집 못 가, 할머니댁 가자""…육아대디의 길어진 출근…‘싱글맘’ 직장인 이도윤 씨(39)는 사회적 거리두기 2.5단계 시행이 발표된 지난달 28일 이후 일이 손에 잡히지 않는다. 이날 …",13,2020-09-09 23:36,지 자식 지가 키워라,50,9
210,"""어린이집 못 가, 할머니댁 가자""…육아대디의 길어진 출근…‘싱글맘’ 직장인 이도윤 씨(39)는 사회적 거리두기 2.5단계 시행이 발표된 지난달 28일 이후 일이 손에 잡히지 않는다. 이날 …",14,2020-09-09 23:36,워킹맘. 넘 힘들어요. 출근 8시 30분. 출근해서 가방놓고 아이들한테 아침부터 자가진단 화상조회 8시 30분부터 애들한테 계속 전화하고 온라인수업 출첵했는지 숙제했는지 확인하고 일하러 직장 나왔는데 오전에 이런 저런 눈치 보느라 정신 없고 집에 간단히 전자렌즈에 데워서 먹을 수 있는 거 챙겨놔서 그거 먹어라 이거먹어라 애들도 질리고 지쳐서 안먹고 밖에 나갈 수가 없으니 핸드폰과 TV만 보고 하루종일 굶고 전 퇴근해서 애들 밥 차려주고 청소하고 세탁하고 그러고 나면 새벽 2시 아침 6시에 출근.고학년이르 돌봄을 할 수 없고 우울해요,44,5
211,"""어린이집 못 가, 할머니댁 가자""…육아대디의 길어진 출근…‘싱글맘’ 직장인 이도윤 씨(39)는 사회적 거리두기 2.5단계 시행이 발표된 지난달 28일 이후 일이 손에 잡히지 않는다. 이날 …",15,2020-09-09 23:36,초.중.고 집에서 윈격 수업 하는데~~어린이집.유치원 잘만 가는데~~무슨소리야.,40,3
212,"""어린이집 못 가, 할머니댁 가자""…육아대디의 길어진 출근…‘싱글맘’ 직장인 이도윤 씨(39)는 사회적 거리두기 2.5단계 시행이 발표된 지난달 28일 이후 일이 손에 잡히지 않는다. 이날 …",16,2020-09-09 23:36,엄마들이 자기자식 본다고 단순히 스트레스받을까?집안에서 계속 쳇바퀴돌듯 갇힌듯 계속 있어야하니 그런것같다. 아이들과 함께 도서관 박물관 같은곳조차 함부로 갈수없으니 더 힘든거지... 평소 어린이집유치원같은 기관 안보내고 자기자식 스스로 가정보육하는 엄마들도 단순 집안에서만 하지않는다. 밖으로나가 같이 여러 경험을 하면서 아이들을 보는거지. 지금 이상황은 여러모로 힘든상황은 맞는듯.,38,1
213,"""어린이집 못 가, 할머니댁 가자""…육아대디의 길어진 출근…‘싱글맘’ 직장인 이도윤 씨(39)는 사회적 거리두기 2.5단계 시행이 발표된 지난달 28일 이후 일이 손에 잡히지 않는다. 이날 …",17,2020-09-09 23:36,휴직하든 퇴직하든 하면 되겠네. 다 가지려니 힘든건데 어쩌누.... 맞벌이도 본인을 위해서 하는거지 나라를 위해서 하는 건 아니잖아! 모두 각자의 사정이 있겠지만 지금은 비상상황이다. 생존의 문제가 아닌 선택상황은 그만 징징대라.,52,16
214,"""어린이집 못 가, 할머니댁 가자""…육아대디의 길어진 출근…‘싱글맘’ 직장인 이도윤 씨(39)는 사회적 거리두기 2.5단계 시행이 발표된 지난달 28일 이후 일이 손에 잡히지 않는다. 이날 …",18,2020-09-09 23:36,할머니들도 애 안보고 돈벌고 싶다는걸 기억해라,33,3
215,"""어린이집 못 가, 할머니댁 가자""…육아대디의 길어진 출근…‘싱글맘’ 직장인 이도윤 씨(39)는 사회적 거리두기 2.5단계 시행이 발표된 지난달 28일 이후 일이 손에 잡히지 않는다. 이날 …",19,2020-09-09 23:36,월급타서 육아에 쓰셔. 보모쓰면되자너. 왜 맨날 사회에다 징징대.,57,28
216,"""어린이집 못 가, 할머니댁 가자""…육아대디의 길어진 출근…‘싱글맘’ 직장인 이도윤 씨(39)는 사회적 거리두기 2.5단계 시행이 발표된 지난달 28일 이후 일이 손에 잡히지 않는다. 이날 …",20,2020-09-09 23:36,김남영기자ㅡ 아이타령하지마세요 지금 코로나로 안힘든 가정 있습니까? 애가 있던 없던 모든 가정이 힘들고 저희 부모님세대 그나름 다 어럽고 힘들게 키웠지요 본인이 워킹맘이라서 이런기사 쓰는거지요? 형평성에 어긋난 기사네요ㅠ@@@@,31,6
217,"“창문 앞 서랍장에 앉았다가…” 14층에서 추락한 9살, 살았…",1,2020-09-09 23:36,우리나라 의료기술 대단하네~ 공공의대 만들 돈으로 응급외상센터에나 더 투자해라~~;;,8678,420
218,"“창문 앞 서랍장에 앉았다가…” 14층에서 추락한 9살, 살았…",2,2020-09-09 23:36,아이가 기적적으로 살아난것은 정말 응급대원 및 권역센터의운영이 잘되고있고 한분한분들께서 생명을 살리기위해 최선을 다해주셔서 입니다. 감사를드립니다.,3274,38
219,"“창문 앞 서랍장에 앉았다가…” 14층에서 추락한 9살, 살았…",3,2020-09-09 23:36,천만다행이네요. 아이가 후유증 없이 잘 자라야 할텐데요~~창문 앞에는 올라설 수 있는 서랍장 .책상 같은 것을 놓으면 안됩니다. 평소 야경구경하는 것을 좋아했다는데 부모가 더 각별히 조심했어야 했네요. 어린시절의 사고는 부모책임이 큽니다,2140,74
220,"“창문 앞 서랍장에 앉았다가…” 14층에서 추락한 9살, 살았…",4,2020-09-09 23:36,영유아검진 받으러갔더니 의사선생님께서 아이들은 의자든뭐든 끌고가서 베란다밖을 보려고 하니 베란다 창문근처에 아무것도 두지말라던 말이 생각나네요. 장난감의자 같은건 가벼워서 끌고가기 좋아서 사고가 많다고 하더라구요. 모두주의기울여야 될거같아요. 천만다행입니다.,1318,27
221,"“창문 앞 서랍장에 앉았다가…” 14층에서 추락한 9살, 살았…",5,2020-09-09 23:36,첫번째 가구배치를 그렇게한 부모잘못두번째 창문열어놓고 방충망에 의지한 부모잘못세번째 안전불감증 인지못한 부모잘못고로 부모잘못 100%,1153,258
222,"“창문 앞 서랍장에 앉았다가…” 14층에서 추락한 9살, 살았…",6,2020-09-09 23:36,"22%의 생존률을 이기고 기적적으로 아이가 살아난 것은 응급대원 및 권역외상센터의운영이 잘되어 있고, 소중한 의료진분들께서 생명을 살리기위해 늘 그래왔듯 최선을 다해주셨기 때문이라고 생각합니다. 아이의 빠른 회복을 기원합니다.",272,0
223,"“창문 앞 서랍장에 앉았다가…” 14층에서 추락한 9살, 살았…",7,2020-09-09 23:36,"의대가 필요한게 아니고 전문병원이 필요합니다. 의사들은 넘쳐나는데 그 의사들이 갈 수 있는 ""제대로""된 병원을 지어주세요. 의대아니고 병원을 지어도 의원님들 표는 받을수 있어요.",232,7
224,"“창문 앞 서랍장에 앉았다가…” 14층에서 추락한 9살, 살았…",8,2020-09-09 23:36,평소에도 자주 앉아있었다면 도대체 무슨 자신감으로 안전 장치가 없었던 건가요? 아이가 살아서 정말 다행이지만 아이를 보호할 책임이 있는 부모는 미국같으면 처벌대상이네요 ㅠ,161,4
225,"“창문 앞 서랍장에 앉았다가…” 14층에서 추락한 9살, 살았…",9,2020-09-09 23:36,요즘 대부분 베란다없는 확장형 아파트인데애셋 키우며 고층에 살려니 무서워서안전방충망 설치했어요.방충망에 비번 걸려있어서 애들이 못열어요.어린아이 키우는 부모님들은 설치하는거 생각해 보세요.,114,3
226,"“창문 앞 서랍장에 앉았다가…” 14층에서 추락한 9살, 살았…",10,2020-09-09 23:36,신고시간이 1시45분인데 애재울려고 방에들어가보니 애가 없었다고??애를 그시간까지 놔두고 안재우나?아이가 극적으로 살아서 다행인데 부모야 정신차리고 아이키워라,87,4
227,"“창문 앞 서랍장에 앉았다가…” 14층에서 추락한 9살, 살았…",11,2020-09-09 23:36,고층에 바로 창밖이 낭떨어지인데창문이든 베란다든 추락방지 방충망좀해라 베란다전체다하는데 50만원도 안함.창문에 추락방지 봉 몇개 다는것도5만원이면함. 안전이 제일이지.여행다니고 마트에서 20-30쓰는거아무것도아니면서 우리나라 부모들안전장비에 돈진짜안씀.,84,4
228,"“창문 앞 서랍장에 앉았다가…” 14층에서 추락한 9살, 살았…",12,2020-09-09 23:36,"오전 1시 45분에 애를 재우러 방에 들어갔다고? 근데 애가 그 야밤에 야경을 보다가 떨어졌다고? 이걸 믿으라는 소리야? 부부싸움하니까,혹은 학대를 받으니까 애가 살려고 이불싸매고 뛰어내린 거 아니야? 철저한 조사를 부탁드립니다.",77,7
229,"“창문 앞 서랍장에 앉았다가…” 14층에서 추락한 9살, 살았…",13,2020-09-09 23:36,응급외상센터에 의료보험 숫가 올려줘라. 그게 공공의대보다 훨씬 효율성이 높고 국민들의 의료질 향상에 도움된다. 무능한 정부것들은 멍청한 숫자놀음이나 하지말고.,72,5
230,"“창문 앞 서랍장에 앉았다가…” 14층에서 추락한 9살, 살았…",14,2020-09-09 23:36,9살짜리가 새벽 2시가 다되어가는데 야경을 봤다니.. 그시간에 아이를 재우러 들어간 부모도 이해가 안가는데.. 아니겠지만.. 정말 아니겠지만.. 뭔가 이해 안되는.부분도 있네요. 혹시나 아이가 위험한 상황은 아닌지 꼭 조사부탁드립니다,64,2
231,"“창문 앞 서랍장에 앉았다가…” 14층에서 추락한 9살, 살았…",15,2020-09-09 23:36,9살아이방에 창문앞에 서랍장?? 올라가서 야경?? 말이되나?,54,1
232,"“창문 앞 서랍장에 앉았다가…” 14층에서 추락한 9살, 살았…",16,2020-09-09 23:36,공공의대보다 공공병원 만드는게 우선순위다.현 정부 사람들 자기들 잇속차리려구 공공의대 만들자고 꼼수 피고있는것 같다.ㅡ,54,3
233,"“창문 앞 서랍장에 앉았다가…” 14층에서 추락한 9살, 살았…",17,2020-09-09 23:36,이불을 두른 채 야경을 보는 걸 좋아했다니너가 아름답게 봐온 세상이 열심히 너를 구해줬구나앞으로도 야경 보는걸 무서워 하지는 말고 안전하게 오래오래 즐겨라 아이야,49,5
234,"“창문 앞 서랍장에 앉았다가…” 14층에서 추락한 9살, 살았…",18,2020-09-09 23:36,ㅇㅣ래서 일등국가다 의료진 파이팅입니다 고귀한생명을다루는 직업 의사자격을 함부로 취급하지말라 무식한 정부,46,11
235,"“창문 앞 서랍장에 앉았다가…” 14층에서 추락한 9살, 살았…",19,2020-09-09 23:36,아이고 아가야 .천만다행이구나...두번다시 창가는 가지말고 해당부모는 당장 창가 서랍장 치우세요,36,1
236,"“창문 앞 서랍장에 앉았다가…” 14층에서 추락한 9살, 살았…",20,2020-09-09 23:36,돈되는 쉬운과 선택한 의사선생님들께는 죄송하지만 이런 외과의사 선생님들이야 말로 진정한 의사라고 생각됩니다. 이런분들 사기진작을 위해 해당 치료에 대해 현실에 맞는 의료수가가 책정되어 더 많은 유능한 인재들이 해당과를 희망하게 하였으면 좋겠습니다.,31,0
237,수술 부위 통증 계속돼 병원 갔더니…몸에 고무 튜브가,1,2020-09-09 23:36,cctv설치 반대하는 이유를 모르겠다ㆍ 고작 700만원으로 해결된다고?,2185,49
238,수술 부위 통증 계속돼 병원 갔더니…몸에 고무 튜브가,2,2020-09-09 23:36,우리나라 법이 이러니 의사들이 갑질에 갑질을 하는구나...잘못을 해도 처벌은 솜방망이고...그러니 환자들을 볼모로 자기들 뱃속만 채우려하지...,611,55
239,수술 부위 통증 계속돼 병원 갔더니…몸에 고무 튜브가,3,2020-09-09 23:36,변호사비도 안나오겠다,352,6
240,수술 부위 통증 계속돼 병원 갔더니…몸에 고무 튜브가,4,2020-09-09 23:36,"700만원이 아니라, 7억 의료사고 배상 판결 내려야 한다!",371,44
241,수술 부위 통증 계속돼 병원 갔더니…몸에 고무 튜브가,5,2020-09-09 23:36,너무 작다 700 통증이 심하지 않아도 수년을 걸친 불편인데장애 논란은 너무 봐주기식이다,295,11
242,수술 부위 통증 계속돼 병원 갔더니…몸에 고무 튜브가,6,2020-09-09 23:36,수술실에 CCTV설치 의무화 해야합니다.,55,2
243,수술 부위 통증 계속돼 병원 갔더니…몸에 고무 튜브가,7,2020-09-09 23:36,700?? 판사가 직접 당한 일이라도 판결을 700 내릴까??,37,0
244,수술 부위 통증 계속돼 병원 갔더니…몸에 고무 튜브가,8,2020-09-09 23:36,저런 말도 안되는 일도 소송을 통해서 입증해야만 한다는 사실이 더 기가 막히죠. 소송비용은 누가 내나요?,37,1
245,수술 부위 통증 계속돼 병원 갔더니…몸에 고무 튜브가,9,2020-09-09 23:36,수술비에다 그동안 느낀고통에 700만원이 말이되냐 세상물정 정말 모르는 판사님들땜에 왕짜증난다니까,28,0
246,수술 부위 통증 계속돼 병원 갔더니…몸에 고무 튜브가,10,2020-09-09 23:36,저런 의사 면허 취소 시키고 배상금을 더 때려야지!! 너무 법이 의사들 위주야! 환자 편애 서야지!!,22,4
247,수술 부위 통증 계속돼 병원 갔더니…몸에 고무 튜브가,11,2020-09-09 23:36,7000은 돼야지....너무적다..다시 수술해야하고..그 위험부담과 고통...환자 몫인데..,13,0
248,수술 부위 통증 계속돼 병원 갔더니…몸에 고무 튜브가,12,2020-09-09 23:36,사람 죽여도 의사면허 취소 안 되는 게 한국의료계 현실!,13,0
249,수술 부위 통증 계속돼 병원 갔더니…몸에 고무 튜브가,13,2020-09-09 23:36,수술실cctv는 무조건 설치해야된다.적나라하게 수술부위나 찍자는거 아니잖아?하도 수술실에 유령의사가 대신 수술을 하니 그런거라도 줄이자는건데 무슨 이유에선지 의사들은 cctv설치를 반대하는지?의사가 믿음을 줘야 믿고 환자를 맡기는건데 지들이 저렇게 의료사고 내놓고도 책임회피하고 유령의사한테 수술 떠넘기는 양심없는짓 하고서 무조건 의사증원만 반대하면 안되지.의협에서는 무분별한 의사 인력증원이 의료의 질 저하 초래한다고 하는데 그럼 윤리의식과 책임감갖고 임해야지 일부 돈만 밝히면서 불법의료행위와 의료사고 낸 의사들은 처벌을 강화해야된다,12,1
250,수술 부위 통증 계속돼 병원 갔더니…몸에 고무 튜브가,14,2020-09-09 23:36,"2015년 수술, 2017년 확인 및 소송. 지금 2020년. 참 할말 없다.",9,0
251,수술 부위 통증 계속돼 병원 갔더니…몸에 고무 튜브가,15,2020-09-09 23:36,700은 넘 작지 않나?그동안 고통과 다시 수술치료해야 되고 법정싸움까지...........최소 5000만원은 줘야지 법원판사도 똑같이 당하고 700만 받어바 어떨지 ....,9,0
252,수술 부위 통증 계속돼 병원 갔더니…몸에 고무 튜브가,16,2020-09-09 23:36,"700??? 이걸로 재수술을 했는데 700?? ㅎㅎ 의사눈치보기 심하네요 무슨기준으로700을정했나요단순히 몸에 이물질을 제거안한 실수인가? 의사는 수술만 하고 봉합은 다른사람이 하니 이러조 .... 저도 수술하고 피부 부위가 아니라 안쪽 수술부위 실밥이 길어서 피부 밖으로 나와 병원 갓더니 간호사 불러 실이 길었다고 아무일 아니라며 ㅎㅎ 흉터만진해졌조 초기 2주가까이 벌어져 있었으니 그것도 우리나라 최고라는 병원에서 ㅎㅎ 병원생각보다실수마니합니다,",9,0
253,수술 부위 통증 계속돼 병원 갔더니…몸에 고무 튜브가,17,2020-09-09 23:36,왜 이런일이 벌어졌을까? 이래도 의사증원이 필요없다는 의사협회는 누구를 위한 단체냐?,8,1
254,수술 부위 통증 계속돼 병원 갔더니…몸에 고무 튜브가,18,2020-09-09 23:36,700받아도 소송기간동안 쓴 경비가 더클듯,7,0
255,수술 부위 통증 계속돼 병원 갔더니…몸에 고무 튜브가,19,2020-09-09 23:36,이렇케 부실한 수술을하면서도 지들 밥그릇 챙기기만 바뿌지,7,1
256,수술 부위 통증 계속돼 병원 갔더니…몸에 고무 튜브가,20,2020-09-09 23:36,판사 몸속에 메스가 있었어야하는데,6,0
257,[더오래]쓰지도 못할 금덩어리 쌓아두고 웃으면 가짜 부자,1,2020-09-09 23:36,맞는말일수도 하지만. 무엇을. 어떤일을 하고 싶어도 물질적 부가 없으면 아무것도 할수 없다는데서 .. 꼭 정신적 부만 주장할순 없겠죠 현실도피가 될수도 있고 ..가장이 그런인식으로 삶을 산다면 나머지 가족들의 삶은 또 어찌 될지도 생각해봐야겠고. 뭐든지 균형이 중요하겠죠.. 중용을 지키고..,52,4
258,[더오래]쓰지도 못할 금덩어리 쌓아두고 웃으면 가짜 부자,2,2020-09-09 23:36,"최소한 의식주 해결을 할 수 있을 정도로 돈이 있어야하는 건 맞지만 남들에게 체면을 세우기 위해 더 좋은 옷, 차, 집을 위해 돈을 벌면서 불안해하고 돈에 목말라하는 사람들을 위한 글이네요. 한달에 백만원만 벌면 좋겠다고 사업을 시작했는데 나중엔 천만원을 벌어도 불안하기만하고 행복하지 않길래 돈과 행복에 대해 고민하게 되더라고요.",34,0
259,[더오래]쓰지도 못할 금덩어리 쌓아두고 웃으면 가짜 부자,3,2020-09-09 23:36,그러에도 불구하고 저는 광에서 인심 난다에공감 합니다,30,1
260,[더오래]쓰지도 못할 금덩어리 쌓아두고 웃으면 가짜 부자,4,2020-09-09 23:36,"많이 벌면 많이 쓰게 되구 적게 벌면 그 안에서 아껴 쓰게 되더라구요. 현명한 소비와 가계예산 관리, 재무계획이 관건~",23,0
261,[더오래]쓰지도 못할 금덩어리 쌓아두고 웃으면 가짜 부자,5,2020-09-09 23:36,그렇게 무소유로 자유롭게 살고야 싶기는함 그러나 돈이 있으면 산골에서도 최고의 도시에서도 그곳이 어디든지 간에 내가 살고싶은곳 어디서든 잘살수 있지만 반대로 돈없으면 어떤곳에서도 살수없음 이요 각자 본인들이 잘판단해서 사시길바래요,11,0
262,[더오래]쓰지도 못할 금덩어리 쌓아두고 웃으면 가짜 부자,6,2020-09-09 23:36,이제 아셨나? 거지중 제일 큰 거지는 돈 많은 부자중에 있다는 것을... 단돈 몇만원에도 행복을 느끼는 사람이 있는가 하면 몇백억이 들어와도 양에 차지 않는 사람이 있으니... 그런 사람이 거지중에 상거지 아니겠는가?,7,0
263,[더오래]쓰지도 못할 금덩어리 쌓아두고 웃으면 가짜 부자,7,2020-09-09 23:36,끝까지 읽어 봤는데도 이게 뭔소리야 하는 혼잣말이 나오네요. 할아버지식 욜로주의 잘 읽었어요. 그런데 지금 세상살이가 그렇게 만만하지 않고 한 집안이 후대까지 망하지 않고 그럭저럭 살려면 선대까지 함께 노력해야 하는 시대에요. 늙어서 돈 모아 나 혼자 잘 쓰다 가 버리면 남은 후손들은 이 악물고 살아봤자 남들보다 처지게 되고 이 경쟁사회에서 도태되는 거에요. 얼마나 더 길게 살지 모르는데 봉사한다느니 한가한 소리하다가는 순식간에 '임계장'이 되는 거에요. 임시 계약직 노인장이 되어 나락으로 떨어지기 싫으면 돈관리 잘 해야 해요.,7,0
264,[더오래]쓰지도 못할 금덩어리 쌓아두고 웃으면 가짜 부자,8,2020-09-09 23:36,원 없이 돈을 벌어보지 못하면 공감하기 어려운 글이다. 마치 어릴적 도시에서 살던 아이가 한겨울에 먹는 아이스크림이 맛 있다는 (시골에선 한겨울에 아이스크림을 팔지도 않았다) 되도 않는 이야기처럼 ...,5,0
265,[더오래]쓰지도 못할 금덩어리 쌓아두고 웃으면 가짜 부자,9,2020-09-09 23:36,"봉사는 그 자체로 좋은 것이다. 봉사하든 말든 개인의 재산을 어떻게 쓰건 간에 그것은 개인의 자유이므로, 봉사의 유익함만을 강조해야하지, 봉사안하는 사람을 두고 마음이 빈곤한 것마냥 지껄이면 안된다. 그리고 '진짜'부자와 '가짜'의 정의를 왜 당신이 내려. 물질적으로 돈많으면 부자인 것이 자명한데.",5,1
266,[더오래]쓰지도 못할 금덩어리 쌓아두고 웃으면 가짜 부자,10,2020-09-09 23:36,늘 느끼는거지만 집안환경이 중요한것 같음. 정신이 건강한 부모밑에서 올바른 가르침을 받고 자라야 자식도 몸과 마음이 건강하고 올바르게 자라는것 같음. 부모가 체면을 중시하고 욕심이 지나치니 자기 기준에 못미치는 자식에게 막말과 무시와 폭행과 무관심으로 키우다가 아이가 오기로 공부해서 성공을 하니 그때서야 자식으로 인정해주고 그렇게 큰 자식이 제정신으로 클수가 있나..우울증에 공황장애로 약먹어가며 살아도 성공한것만 자랑하고 다니는 이기적이고 가식적인 부모들을 보면 참 마음이 아프다. 자식이 그저 본인 자랑용 트로피라고 생각하는건지..,4,0
267,[더오래]쓰지도 못할 금덩어리 쌓아두고 웃으면 가짜 부자,11,2020-09-09 23:36,"""행복을 돈으로 살수 없다면 그건 돈이 부족한겁니다""",5,2
268,[더오래]쓰지도 못할 금덩어리 쌓아두고 웃으면 가짜 부자,12,2020-09-09 23:36,"좋은 말입니다. 그러나, 요즘은 정말 실직하고 폐업하는 사람들이 역대 최악급인 상황입니다. 다들 욕심이 많아서가 아니라 현실적인 이유로 매우 힘든 상황에서 이런 이상론은 뜬구름 잡는 소확행 소리로 밖엔 안 들립니다.",3,0
269,[더오래]쓰지도 못할 금덩어리 쌓아두고 웃으면 가짜 부자,13,2020-09-09 23:36,남자나이40쯤되면돈있어야착한사람돈있어야똑똑한사람된다2030대여러분도금방40대되여돈은일단벌고생각하는걸로,3,0
270,[더오래]쓰지도 못할 금덩어리 쌓아두고 웃으면 가짜 부자,14,2020-09-09 23:36,한치앞도 못보는게 지금의 시국인지라,3,0
271,[더오래]쓰지도 못할 금덩어리 쌓아두고 웃으면 가짜 부자,15,2020-09-09 23:36,궤변. 진짜 재물이 필요한 사람은 자족하고 요긴하게 쓴다. ㅡㅡ;;,2,0
272,[더오래]쓰지도 못할 금덩어리 쌓아두고 웃으면 가짜 부자,16,2020-09-09 23:36,현실은 마음만부자ㅋ,2,0
273,[더오래]쓰지도 못할 금덩어리 쌓아두고 웃으면 가짜 부자,17,2020-09-09 23:36,가짜부자라도 되고 싶다,2,0
274,[더오래]쓰지도 못할 금덩어리 쌓아두고 웃으면 가짜 부자,18,2020-09-09 23:36,빈부는 절대적인게 아니겠지만 인간은 상대적 동물이다.,2,0
275,[더오래]쓰지도 못할 금덩어리 쌓아두고 웃으면 가짜 부자,19,2020-09-09 23:36,이런글이 중앙일보에도 있구나. 좋은글 잘보고 갑니다.,1,0
276,[더오래]쓰지도 못할 금덩어리 쌓아두고 웃으면 가짜 부자,20,2020-09-09 23:36,행복한 진짜부자 션 님 부럽습니다.,1,0
277,"베일 벗은 제네시스 G70… ""두줄 디자인 램프 특이해""",1,2020-09-09 23:36,두줄은 임신 입니다,70,6
278,"베일 벗은 제네시스 G70… ""두줄 디자인 램프 특이해""",2,2020-09-09 23:36,솔찍히 이쁘긴하다,51,27
279,"베일 벗은 제네시스 G70… ""두줄 디자인 램프 특이해""",3,2020-09-09 23:36,여기에 악플다는 것들중에 ㅡ 제네시스 살수있는 사람 얼마나 될까 ㅡ 사더라도 할부아닌 현찰 박치기로 살수있는 사람 얼마나될까 ㅡ 오늘도 그들은 의미없는 상상을 하며 ㅡ 의미없는 악플과 혐오를 남깁니다 ㅡ,23,15
280,"베일 벗은 제네시스 G70… ""두줄 디자인 램프 특이해""",4,2020-09-09 23:36,벤츠처럼 멋지네.. 굴곡의 예술이 보이네 ㅋㅋㅋ,6,1
281,"베일 벗은 제네시스 G70… ""두줄 디자인 램프 특이해""",5,2020-09-09 23:36,그래도 명색이 스포츠세단인데 수동변속기 트림 좀 만들어주세여~,3,0
282,"베일 벗은 제네시스 G70… ""두줄 디자인 램프 특이해""",6,2020-09-09 23:36,여자차다,1,1
283,"베일 벗은 제네시스 G70… ""두줄 디자인 램프 특이해""",7,2020-09-09 23:36,ㅋㅋㅋㅋㅋㅋㅋㅋㅋㅋ불량이나 좀 줄여라,1,1
284,"베일 벗은 제네시스 G70… ""두줄 디자인 램프 특이해""",8,2020-09-09 23:36,훨씬 세련,0,0
285,"베일 벗은 제네시스 G70… ""두줄 디자인 램프 특이해""",9,2020-09-09 23:36,와 ㄹㅇ 멋지다~~~ 솔직히 잘나왔다 ㅇㅈ,0,0
286,"베일 벗은 제네시스 G70… ""두줄 디자인 램프 특이해""",10,2020-09-09 23:36,너무나도조꾸리다,0,0
287,"베일 벗은 제네시스 G70… ""두줄 디자인 램프 특이해""",11,2020-09-09 23:36,그릴만 바꾸면 벤츠인데....??,0,0
288,"베일 벗은 제네시스 G70… ""두줄 디자인 램프 특이해""",12,2020-09-09 23:36,흠 gv70은 저기서 suv로 변형시킨거겠네 생각보다 별로지만 기다려본다,0,0
289,"베일 벗은 제네시스 G70… ""두줄 디자인 램프 특이해""",13,2020-09-09 23:36,벤츠가 보인다...,0,0
290,"베일 벗은 제네시스 G70… ""두줄 디자인 램프 특이해""",14,2020-09-09 23:36,ㅋㅋㅋㅋㅋㅋㅋㅋㅋㅋㅋㅋㅋ,0,0
291,"베일 벗은 제네시스 G70… ""두줄 디자인 램프 특이해""",15,2020-09-09 23:36,점점 쏘나타DN8이 괜찮아 보여 ㅋㅋㅋ,0,0
292,"베일 벗은 제네시스 G70… ""두줄 디자인 램프 특이해""",16,2020-09-09 23:36,하지만 뒤를 공개 한다면 어떨까???,0,0
293,"베일 벗은 제네시스 G70… ""두줄 디자인 램프 특이해""",17,2020-09-09 23:36,하트 뿅뿅에 g80 두줄 복붙. 기이하다. 스팅어 몰아주기 하는듯.,0,0
294,"베일 벗은 제네시스 G70… ""두줄 디자인 램프 특이해""",18,2020-09-09 23:36,기냥 G80이나 스팅어로 가란 얘기네,0,0
295,"베일 벗은 제네시스 G70… ""두줄 디자인 램프 특이해""",19,2020-09-09 23:36,코알라같다 ㅋㅋ,0,0
296,50대 아줌마의 스키니진+운동화 통했다카멀라 해리스 영상 조회수 800만 돌파... 바이든-오바마의 4배 한 50대 여성이 어두운 청색 스키니진에 편한 캔버스 운동화 …,1,2020-09-09 23:37,통하긴 뭘 통해! 트럼프 승!,1881,394
297,50대 아줌마의 스키니진+운동화 통했다카멀라 해리스 영상 조회수 800만 돌파... 바이든-오바마의 4배 한 50대 여성이 어두운 청색 스키니진에 편한 캔버스 운동화 …,2,2020-09-09 23:37,저런 겉모습에 선전선동당하는 국민은 한국이나 미국이나...안타깝다. 민주당이 당선되면 사회주의 극좌파와 싸우던 미국만 끝나는게 아니라 전세계가 고통받을것이다.,1053,124
298,50대 아줌마의 스키니진+운동화 통했다카멀라 해리스 영상 조회수 800만 돌파... 바이든-오바마의 4배 한 50대 여성이 어두운 청색 스키니진에 편한 캔버스 운동화 …,3,2020-09-09 23:37,미국도 이미지에 속는 개돼지들이 많구나. 트럼프의 재선을 강력히 지지한다. 지금 우리에겐 중국에 단호히 대응할 미국 대통령이 더 유리하다. 바이든은 진핑이한테 코꿰서 안된다,754,95
299,50대 아줌마의 스키니진+운동화 통했다카멀라 해리스 영상 조회수 800만 돌파... 바이든-오바마의 4배 한 50대 여성이 어두운 청색 스키니진에 편한 캔버스 운동화 …,4,2020-09-09 23:37,이번 대선은 트럼프의 승리로 끝납니다. 재선에 모든 걸 걸고 예민한 문제들을 재선 이후로 미루어 놓은 트럼프는 재선후 하나씩 문제를 해결해 나갈 겁니다. 문재인에겐 단도직입적으로 미중사이에 어느 편인지 물어볼 것이며 김정은이 사라진 북한에선 비핵화와 지원방안을 갖고 트럼프와 협상하려는 세력에 의한 정변이 일어나 한반도는 대혼란이 일어 납니다. 이 와중에 문재인은 어이없게도 중국의 시진핑을 초청한 후 중국과의 우호 제스처를 보낼 겁니다. 더 이상 재선의 압박이 없어진 트럼프는 북한과의 협상을 통해 한중을 압박하고 문재인은 무너집니다.,669,177
300,50대 아줌마의 스키니진+운동화 통했다카멀라 해리스 영상 조회수 800만 돌파... 바이든-오바마의 4배 한 50대 여성이 어두운 청색 스키니진에 편한 캔버스 운동화 …,5,2020-09-09 23:37,한심한 기래기 여기 하나 추가,159,18
301,50대 아줌마의 스키니진+운동화 통했다카멀라 해리스 영상 조회수 800만 돌파... 바이든-오바마의 4배 한 50대 여성이 어두운 청색 스키니진에 편한 캔버스 운동화 …,6,2020-09-09 23:37,"청바지, 캔버스에 속지마라. 노무현 밀짚모자쓰고 계층사다리 없애고, 문재인 말로만 국민, 사람 타령하고 착한 척, 정의로운 척 하면서 세월호에 고맙다고 하는 인간이다. 정치인은 말보다는 행동, 이미지보다는 능력이다. 국가와 국민의 미래를 설계해야한다. 늦었지만 정신차리자.",119,17
302,50대 아줌마의 스키니진+운동화 통했다카멀라 해리스 영상 조회수 800만 돌파... 바이든-오바마의 4배 한 50대 여성이 어두운 청색 스키니진에 편한 캔버스 운동화 …,7,2020-09-09 23:37,역시 진보는 쇼를 잘해,37,5
303,50대 아줌마의 스키니진+운동화 통했다카멀라 해리스 영상 조회수 800만 돌파... 바이든-오바마의 4배 한 50대 여성이 어두운 청색 스키니진에 편한 캔버스 운동화 …,8,2020-09-09 23:37,여기서 이효리 같은 스타일이란~? 제주도사는 거지거렁뱅이 처럼 입고다니면서 일반여성들에게 아 저렇게 생겨도 가치관만 올바르면 셀럽이 되는 구나 하는 위안을 주면서 뒤로는 고기 잘만쳐먹고 다니고 서울 건물주의 삶을 살면서 자본주의와 육식주의에 충실한 스타일,34,3
304,50대 아줌마의 스키니진+운동화 통했다카멀라 해리스 영상 조회수 800만 돌파... 바이든-오바마의 4배 한 50대 여성이 어두운 청색 스키니진에 편한 캔버스 운동화 …,9,2020-09-09 23:37,저 여자 골수친중 ! 중국예명까지 있는 변종 ! 미국도 좌파들 때문에 참 골피 아프네,25,2
305,50대 아줌마의 스키니진+운동화 통했다카멀라 해리스 영상 조회수 800만 돌파... 바이든-오바마의 4배 한 50대 여성이 어두운 청색 스키니진에 편한 캔버스 운동화 …,10,2020-09-09 23:37,30대에 60대유부남 만나서 놀던 그여자구나,21,3
306,50대 아줌마의 스키니진+운동화 통했다카멀라 해리스 영상 조회수 800만 돌파... 바이든-오바마의 4배 한 50대 여성이 어두운 청색 스키니진에 편한 캔버스 운동화 …,11,2020-09-09 23:37,스폰한테 몸대주고 정치권력 얻은 년?,15,1
307,50대 아줌마의 스키니진+운동화 통했다카멀라 해리스 영상 조회수 800만 돌파... 바이든-오바마의 4배 한 50대 여성이 어두운 청색 스키니진에 편한 캔버스 운동화 …,12,2020-09-09 23:37,저기도 좌익은 쇼하는것 똑같구나. 종특인가. 미향이도 운동화신고 백팩메고 다니던데.,16,3
308,50대 아줌마의 스키니진+운동화 통했다카멀라 해리스 영상 조회수 800만 돌파... 바이든-오바마의 4배 한 50대 여성이 어두운 청색 스키니진에 편한 캔버스 운동화 …,13,2020-09-09 23:37,미디어가 만들어낸 오바마와 힐러리 그리고 이들이 얼마나 악마같은 인간들인지 이나라의 무지한 국민들이 진실을 알 날이 올까? 그렇게 미치광이 양아치 같은 트럼프가 실상은 그 누구보다 미국을 위하고 구하려는걸 아는날이 올까? 미국 좌파들의 실상은 피자게이트를 통해서 미국인들도 많이 깨달음을 얻었지 우리나라에선 언론에 단한줄도 소개 안된 내용 트럼프가 이렇게 말했지 민주당은 정말 미쳤다고~ 왜 우리나라가 전체주의 국가가 되가는데도 미국의 별다른 움직임이 없을까? 뒷배는 중국이며 그 중국을 키워주고 지원하는 자들이 미국의 민주당,11,2
309,50대 아줌마의 스키니진+운동화 통했다카멀라 해리스 영상 조회수 800만 돌파... 바이든-오바마의 4배 한 50대 여성이 어두운 청색 스키니진에 편한 캔버스 운동화 …,14,2020-09-09 23:37,얘도 사전투표 하라고 소리지르고 난리네? 미국 민주당도 사전투표로 조작하고 있던데 ㅋㅋ 우리나라 사전투표조작 제대로 밝혀라!!,9,1
310,50대 아줌마의 스키니진+운동화 통했다카멀라 해리스 영상 조회수 800만 돌파... 바이든-오바마의 4배 한 50대 여성이 어두운 청색 스키니진에 편한 캔버스 운동화 …,15,2020-09-09 23:37,민주당 은 다른나라도 꼴보기싫네,10,3
311,50대 아줌마의 스키니진+운동화 통했다카멀라 해리스 영상 조회수 800만 돌파... 바이든-오바마의 4배 한 50대 여성이 어두운 청색 스키니진에 편한 캔버스 운동화 …,16,2020-09-09 23:37,고민정 같어ㅋㄱ,10,3
312,50대 아줌마의 스키니진+운동화 통했다카멀라 해리스 영상 조회수 800만 돌파... 바이든-오바마의 4배 한 50대 여성이 어두운 청색 스키니진에 편한 캔버스 운동화 …,17,2020-09-09 23:37,(=ㅂ= );;; 유튜브에서 피자 게이트 검색. 사탄교 신봉자+중국의 노예. 예전 민주당 아닙니다.,7,0
313,50대 아줌마의 스키니진+운동화 통했다카멀라 해리스 영상 조회수 800만 돌파... 바이든-오바마의 4배 한 50대 여성이 어두운 청색 스키니진에 편한 캔버스 운동화 …,18,2020-09-09 23:37,민주당 쓰레기당,8,3
314,"""한국, 취소하라"" 분노…필리핀 발칵 뒤집은 한국인의 댓글",1,2020-09-09 23:37,중국인들이나 하는 짓을 한국인이 필리핀인에게 똑같이 했구나. 부끄럽다,367,12
315,"""한국, 취소하라"" 분노…필리핀 발칵 뒤집은 한국인의 댓글",2,2020-09-09 23:37,사과하고 욱일기에 대해 알린다고 했으면 조용히들 있지 왜 또 깝죽거리다 이슈되고 있니. 참 답답한 종자들 많아.,168,2
316,"""한국, 취소하라"" 분노…필리핀 발칵 뒤집은 한국인의 댓글",3,2020-09-09 23:37,팩트는 필리핀은 연합군에 소속되어 일본과 전쟁을 치룬 나라고 우리나라는 일본의 부역국이었음. 일본과 맞선 나라들도 거론 안하는 욱일기 문제를 일본 꼬붕? 이었던 우리나라가 제일 예민하게 구는 것도 문제의 소지가 있어보임. 그리고 6.25때도 세계에서 제일 거지나라였던 한국을 도와준 나라가 필리핀이다. 이제 좀 먹고 살만해져서 필리핀보다 조금 경제적으로 우위에 있다고 필리핀을 무시하는 저질 어글리 코리안들! 나는 너희들이 부끄럽다. 그리고 저질 국뽕 유튜브 그만보고 객관적인 역사 공부 좀 해라. 우리역사는 알면 알수록 낯이 화끈거린다,150,41
317,"""한국, 취소하라"" 분노…필리핀 발칵 뒤집은 한국인의 댓글",4,2020-09-09 23:37,뭐든 지나치면 반감이 생긴다 미국에 소녀상 하나 있을 때 한국편들던 미국인들이 우후죽순 생기니까 반감을 표하듯 외교는 정교하고 세련되게 해야 실패가 적다,94,3
318,"""한국, 취소하라"" 분노…필리핀 발칵 뒤집은 한국인의 댓글",5,2020-09-09 23:37,우리가 그들을 존중하면 그들도 우리를 존중한다..,90,7
319,"""한국, 취소하라"" 분노…필리핀 발칵 뒤집은 한국인의 댓글",6,2020-09-09 23:37,"문천지들이 또 사고쳤구나,,,,,,",19,1
320,"""한국, 취소하라"" 분노…필리핀 발칵 뒤집은 한국인의 댓글",7,2020-09-09 23:37,"욱일기의 역사적 배경을 알지 못했다면서 용서를 구했고, 한국을 사랑한다며 다른 사람들에게도 욱일기에 대해 알려주겠다는 글을 올렸다. 그는 문신을 지우거나 덮겠다고 약속까지 했다는데 그정도믄 됐잖냐? 욕한놈들은 다른나라의 역사를 속속들이 아냐? 저정도면 욕못해서 병걸린 정신병자들",17,0
321,"""한국, 취소하라"" 분노…필리핀 발칵 뒤집은 한국인의 댓글",8,2020-09-09 23:37,그런 말한사람들끼리 알아서 하세요... 이런게 기삿거리가 되나요?,18,3
322,"""한국, 취소하라"" 분노…필리핀 발칵 뒤집은 한국인의 댓글",9,2020-09-09 23:37,역사적 배경을 모르면 그들 눈엔 걍 예뻐보일지도.ㅎ근데 지우겠다고.사과까지했으면됐지.뭘더바라고 인종차별적 발언까지? 무식한 한국인.다같은 한국인으로 안봤으면..,16,1
323,"""한국, 취소하라"" 분노…필리핀 발칵 뒤집은 한국인의 댓글",10,2020-09-09 23:37,하여간 인터넷에서 우르르몰려가서 욕질하는 놈들은 지들이 졸라 정의로운줄 알지만 나라망신시키는 주범들임ㅋ,14,1
324,"""한국, 취소하라"" 분노…필리핀 발칵 뒤집은 한국인의 댓글",11,2020-09-09 23:37,진심으로 사과했으면 받아줄줄도 알아야지.이건 일부 한국 네티즌들이 도가 지나쳤다.,13,0
325,"""한국, 취소하라"" 분노…필리핀 발칵 뒤집은 한국인의 댓글",12,2020-09-09 23:37,우리 나라 인터넷 예절 운동좀 하긴 해야함 공공 예절은 뛰어난데 방구석 패배자들 청소년들 댓글 다는 거 가끔 도 넘을때가 있음 근데 일반인 무식한 작자들이 한 말 갖고 나라 이름 태그달고 단체 행동하는 거는 그것도 웃긴 거지,12,1
326,"""한국, 취소하라"" 분노…필리핀 발칵 뒤집은 한국인의 댓글",13,2020-09-09 23:37,너무 창피하네 우리는 그들 보다 좀 더 크고 잘나서 식민지로 살았나 진짜 쪽 팔린건 우리인데 6.25 때 참전해서 우리를 위해 피흘려준 고마운 나라이기도 하고지금 조금 더 잘 산다고 과거를 잊고 남을 깔보는 그런 국민 되지 맙시다,11,1
327,"""한국, 취소하라"" 분노…필리핀 발칵 뒤집은 한국인의 댓글",14,2020-09-09 23:37,필리핀 국민들에게 대한민국 국민의 한사람 으로써 사과 드립니다ㅜㅜ 상처 받으신 말 언어들 용서해 주십시요~ 대한민국 전체 국민이 용서해주시길 바라는 마음일 겁니다. 성난 마음을 푸시기 바랍니다 이글이 상처받은 필리핀 국민들에게 꼭! 전해지길 바랍니다.,11,1
328,"""한국, 취소하라"" 분노…필리핀 발칵 뒤집은 한국인의 댓글",15,2020-09-09 23:37,"99.9% 확률로 페미, 문재인 광지지지일듯. 맨날 싸움은 지들이 붙여놓고 도망가고 욕먹는건 다른 국민들.",10,0
329,"""한국, 취소하라"" 분노…필리핀 발칵 뒤집은 한국인의 댓글",16,2020-09-09 23:37,"일제강점기에 살아보지도 않은 것들이 진짜 욱일 비슷한 문양만 보면 발작버튼 눌리는거 보면 왜캐 웃기지 ㅋㅋ 이쯤되면 ㄹㅇ 파블로프의 개임. 제발 그놈의 오지랖, 지적문화는 한국내에서만 하자 ㅎㅎ 쥰나 쪽팔리네",10,1
330,"""한국, 취소하라"" 분노…필리핀 발칵 뒤집은 한국인의 댓글",17,2020-09-09 23:37,솔직히 여기서 필리핀 역사 아는놈 얼마나 되냐? 당연히 쟤네도 우리역사 모르고 한건데 알려주면 되는데 어그로 끌고 자빠졌으니 역풍 처맞는거지,10,1
331,"""한국, 취소하라"" 분노…필리핀 발칵 뒤집은 한국인의 댓글",18,2020-09-09 23:37,동남아시아인 뿐만 아니라 세계인은 일본 일본인을 한국 한국인보다 더 좋아한다.,8,1
332,"""한국, 취소하라"" 분노…필리핀 발칵 뒤집은 한국인의 댓글",19,2020-09-09 23:37,극성부린 인간들... 어떤 인간들인지 대충 짐작이 갑니다. 대깨문일 확률 99.9999%,11,5
333,마음은 급한데…부작용에 발목 잡힌 백신,1,2020-09-09 23:37,"생명이 달린건데, 괜찬다고 약팔면서 속여파는것보다,문제가 있다면 당장 중지하는게 맞지. 문제해결후 성공하길 응원한다",284,1
334,마음은 급한데…부작용에 발목 잡힌 백신,2,2020-09-09 23:37,아이고... 빨리 백신이 개발되어야 하는데 부작용이 계속 일어나니 걱정이군요백신 개발 성공 기원합니다,38,2
335,마음은 급한데…부작용에 발목 잡힌 백신,3,2020-09-09 23:37,9건중에 하나라도 안전하게 개발 되겠죠.빨리 보다는 안정적으로 치료할 수있는 백신이 개발되길 기대해봐요.전세계인들이 기다리는 일이니 잘 될거라 믿어요.,35,1
336,마음은 급한데…부작용에 발목 잡힌 백신,4,2020-09-09 23:37,부작용이 있어도 쉬쉬하는 사라가 있을꺼다 제일 유력한 나라가 중국 러시아 미국이지,25,4
337,마음은 급한데…부작용에 발목 잡힌 백신,5,2020-09-09 23:37,예상했던바입니다. 기회다싶어 너나할거없이 백신만든답시고 떠들어대고... 부작용 테스트여부는 최소 1년이상 테스트해야합니다. 지금 백신이 나온다 하더라도 내년 이맘때부터나 접종이 가능해요. 그전에 해버리면 가습기살균제의 아픔이 되풀이됩니다.,17,1
338,마음은 급한데…부작용에 발목 잡힌 백신,6,2020-09-09 23:37,잘못하면 제2의 코로나 백신 사태가 일어나겠군요. 아무튼 중국이 일류말살에 죄를 짓고도 뻔뻔함이 세계최강입니다.,4,0
339,마음은 급한데…부작용에 발목 잡힌 백신,7,2020-09-09 23:37,코로나 막을래다 앉은뱅이 되것네...,6,3
340,마음은 급한데…부작용에 발목 잡힌 백신,8,2020-09-09 23:37,하루라도 빨리 백신이 나왔으면 좋겠습니다. 안전한 백신이 어서 개발되어서 많은 사람들이 건강하게 지낼수 있는 날이 하루 빨리 왔으면 좋겠습니다. 여러분 모두 건강조심하세요,5,3
341,마음은 급한데…부작용에 발목 잡힌 백신,9,2020-09-09 23:37,백신이 부작용이 무서운겁니다 그래서 빨리 만들수가 없어요 전세계에 다 뿌렸는데 1년뒤 몸이 썩을지 그 누구도 모르는게 부작용 이죠,2,0
342,마음은 급한데…부작용에 발목 잡힌 백신,10,2020-09-09 23:37,"백신은 사실상 불가능한거고, 그렇다고 치료제도 그 효과를 장담할 수 없다. 백신이나 치료제도 변종 코로나로 변할 경우, 그것들도 무용지물이 될 수 있다고 한다. 그럴바에야 차라리 방역을 완화해서 잘 먹고 살수 있도록 하는 것이 더 나은거다. 굶어죽는 사람들이 더 많아지고 있다. 잘먹고 죽은 사람들은 때깔도 좋잖아? 잘먹는 것이 가장 좋은 방역인거다.",2,1
343,마음은 급한데…부작용에 발목 잡힌 백신,11,2020-09-09 23:37,승인도안된 백신맞으면 변종 코로나가 나올수도있는거아닌가,2,1
344,마음은 급한데…부작용에 발목 잡힌 백신,12,2020-09-09 23:37,책좀 읽어라. 백신은 사기다. 백신은 약한 바이러스이다. 약한 바이러스도 바이러스는 바이러스다. 코로나백신 맞는 놈들 모우 14일간 격리시켜야해.,1,0
345,마음은 급한데…부작용에 발목 잡힌 백신,13,2020-09-09 23:37,지금이시간에도부작용없는코로나19백신을완성하기위해노력하시는연구진분들께박수를보냅니다회이팅힘내세요,1,0
346,마음은 급한데…부작용에 발목 잡힌 백신,14,2020-09-09 23:37,안전이 먼저죠 생명이 관련된 일인데 신중하게 해야되는거 같아요 부작용없는 약이 빨리 개발되었음 좋겠습니다 예전이 그립습니다 안전한 백신이 나오길 기대합니다,1,0
347,마음은 급한데…부작용에 발목 잡힌 백신,15,2020-09-09 23:37,😡😈😡😈 그림자 정부 😡😈😡😈 딥스테이트 😡😈😡😈,1,0
348,마음은 급한데…부작용에 발목 잡힌 백신,16,2020-09-09 23:37,개발 치료보다 부작용이 더 중요하다고 들었는데.. 급할수록 돌아가야죠,1,0
349,마음은 급한데…부작용에 발목 잡힌 백신,17,2020-09-09 23:37,느려도 안전하게.왜임상시험 단계마다 몇년씩 소요시간책정 해두었는지를 되새겨보라.코로나피하려다 반신불수될수도 있잖냐.,1,0
350,마음은 급한데…부작용에 발목 잡힌 백신,18,2020-09-09 23:37,코로나보다 엉터리 백신 부작용이 더 무섭다. 제대로 만들었는지 철저히 검증하고 승인해라,1,0
351,마음은 급한데…부작용에 발목 잡힌 백신,19,2020-09-09 23:37,응원합니다 제발 일상이 그립습니다,1,0
352,마음은 급한데…부작용에 발목 잡힌 백신,20,2020-09-09 23:37,그래도 양심적이네,1,0
353,"발리우드 톱스타 ‘의문의 죽음’…""배우 여친은 마약 조직원""",1,2020-09-09 23:37,우명여배우는 신종 직업인가? 조선일보 수준하고는.ㅉㅉ,11,8
354,"발리우드 톱스타 ‘의문의 죽음’…""배우 여친은 마약 조직원""",2,2020-09-09 23:37,우명배우라 다행이네 시히히,1,0
355,"발리우드 톱스타 ‘의문의 죽음’…""배우 여친은 마약 조직원""",3,2020-09-09 23:37,우명배우... 진쨔 다행이다 우명....,0,0
356,"발리우드 톱스타 ‘의문의 죽음’…""배우 여친은 마약 조직원""",4,2020-09-09 23:37,우리가 발리우드 배우들이 뭘하는지 알아야하는거냐?,0,0
357,"발리우드 톱스타 ‘의문의 죽음’…""배우 여친은 마약 조직원""",5,2020-09-09 23:37,"또 여성혐오 운운... 저건 뭐 전염병이나 광신교냐... 그럼 남자가 당했을 거면 남성혐오야? 아니, 정당한 사회의 처벌인가? 용의자를 인간이 아닌 오직 여성으로만 규정하는 건 성차별 아닌가?",0,0
358,"발리우드 톱스타 ‘의문의 죽음’…""배우 여친은 마약 조직원""",6,2020-09-09 23:37,마약하면 홍이지,2,3
359,"""작고 무식"" 일부 한국 네티즌 비난에 필리핀 네티즌 반발",1,2020-09-09 23:37,민족 사랑도 정도껏 해라 이 무식한 것들아... 우리 민족이 소중하면 남의 민족도 소중한 걸 알아야지. 21세기를 사는 세계인으로서 저딴 말이 할 일이냐... 한심하다.,2219,62
360,"""작고 무식"" 일부 한국 네티즌 비난에 필리핀 네티즌 반발",2,2020-09-09 23:37,욱일기문신은 기분 나빠 뭐라고하는건 좋은데.. 그렇다고 필리핀 국민 전체를 무시하는건 또다른 인종차별 국가주의 아니니? 개념없는 중국 네티즌애들처럼 하지맙시다...,1397,27
361,"""작고 무식"" 일부 한국 네티즌 비난에 필리핀 네티즌 반발",3,2020-09-09 23:37,역사에 관심 없으면 모를수도 있죠. 알고 난후 사과했으면 이해해야죠. 얼마전 이효리 마오 발언으로 중국인들 난리쳤을때 우리는 어땠나요?,590,21
362,"""작고 무식"" 일부 한국 네티즌 비난에 필리핀 네티즌 반발",4,2020-09-09 23:37,서로 존중하면 살아야죠. 우리만 살고 있는 지구가 아니니까!,270,7
363,"""작고 무식"" 일부 한국 네티즌 비난에 필리핀 네티즌 반발",5,2020-09-09 23:37,"대깨드라, 니들이 반일난동 피던말던 상관없는데, 남한테 강요하지마라, 또 다른 이름의 폭력이다.",410,233
364,"""작고 무식"" 일부 한국 네티즌 비난에 필리핀 네티즌 반발",6,2020-09-09 23:37,필리핀유엔참전용사들이 한국의적화를막기위해 몸바처싸우고 굶어죽어가던 국민들 고깃국이라도먹여보려 박정희가 필리핀가서구걸해서 원조받은건아냐?쪽팔린줄알아라 니들이언제부터 필리핀보다잘았다고 에혀,70,8
365,"""작고 무식"" 일부 한국 네티즌 비난에 필리핀 네티즌 반발",7,2020-09-09 23:37,필리핀아 미안하다...사과한다,66,9
366,"""작고 무식"" 일부 한국 네티즌 비난에 필리핀 네티즌 반발",8,2020-09-09 23:37,625때 지원받아서 살던때도 있었다. 역사를 재대로 알고 지껄이자,46,3
367,"""작고 무식"" 일부 한국 네티즌 비난에 필리핀 네티즌 반발",9,2020-09-09 23:37,한국인이 밥맛인 이유 : 자기들이 대단하다고 생각함,54,14
368,"""작고 무식"" 일부 한국 네티즌 비난에 필리핀 네티즌 반발",10,2020-09-09 23:37,좌좀만큼 싫은게 국뽕들......,41,7
369,"""작고 무식"" 일부 한국 네티즌 비난에 필리핀 네티즌 반발",11,2020-09-09 23:37,"우리가 필리핀 사람들을 저런식으로 비하하면 안되죠.우리나라에 좋은 감정을 가지고 있고,몰라서 그랬고, 잘못한거 사과했는데 저런식으로 반응하는건 누가 무식한걸까요?",27,1
370,"""작고 무식"" 일부 한국 네티즌 비난에 필리핀 네티즌 반발",12,2020-09-09 23:37,"한류를 걱정할 게 아니라, 생각없이 막말 일삼는 이들의 미래를 걱정해야 합니다. 비판은 할수 있지만 막말 비난은 본인에게도 사회에도 국가에도 우리의 미래에도 전혀 도움되지 않습니다.",25,0
371,"""작고 무식"" 일부 한국 네티즌 비난에 필리핀 네티즌 반발",13,2020-09-09 23:37,"우리까지 누구를 인종 차별한다는게 말이 되는가? 왜놈들한테 36년간 식민생활을 하면서 인종차별의 ""ㅇ""만 나와도 치를 떨어야 할 우리가 뭐가 잘났다고 누구에게 인종차별적 언어를 쓴단 말인가? 이게 말이 되는가? 정말 이게 우리의 현주소라면 가끔 우리가 서구인들한테 당하는 인종차별을 당연한 것으로 받아들여도 되는것 아닌가? 마늘, 된장 냄새 풍기고 사는 우리는 뭐가 그렇게 잘났는가? 정말 이래선 안된다. 정말 이래선 안된다. 형편이 조금 나아졌다고, 국격이 조금 풀렸다고 해서 누구에게 인종 차별적 언사를 한다는건가? 제발 자중하자.",26,2
372,"""작고 무식"" 일부 한국 네티즌 비난에 필리핀 네티즌 반발",14,2020-09-09 23:37,이 나라는 은혜를 원수로 갚는 기질이 너무 다분하게 있는 국가임. 21세기에 살고 있으면서 식민지 지배를 당한 피해자도 아니면서 과도하게 감정이입을 하고 전 셰계 글로벌화 시대에 아직까지 그 피해망상에 찌들어서 살고 있음. 미래로 도약을 하기 위해선 과겨의 문제는 다시는 반복되지 않게 최소한의 경계만 하되 적대시하거나 스스로를 극적으로 몰아갈 필요가 없는데도 극단적으로 몰고가는 성향이 크고 그에 휩쓸려 동조하는 세력들도 너무 많음. 적어도 우호국가 까진 아니더라도 최소한의 동반자 입장에서 윈윈 할 수 있는 출구 전략을 깡그리 무시함,23,3
373,"""작고 무식"" 일부 한국 네티즌 비난에 필리핀 네티즌 반발",15,2020-09-09 23:37,"욱일기에 발작, 심각한 국뽕 = 대깨문, 지지자들 수준 나오는 순간이지 뭐",19,3
374,"""작고 무식"" 일부 한국 네티즌 비난에 필리핀 네티즌 반발",16,2020-09-09 23:37,우리도 이제 좀 솔직해지자. 80년대생 위로는 솔직히 다 알잖아. 욱일기 타령이 일제시대 경험했던 분들에 의해서 해방후부터 이어져 온거 아니란 사실. 욱일기 발작증은 21세기 들어서 좌파들이 인위적으로 만들어낸 개념이란 거. 90년대 이후 출생들은 세뇌 당해서 어쩔수 없다쳐도 80년대생부터는 욱일기 타령 원래 있던 거 아니고 근래에 만들었다는 사실 잘 알면서 왜 침묵하냐. 90년대까지 만화 게임 티비 등에 욱일기 보여도 그딴거 관심도 없었었잖아.,16,0
375,"""작고 무식"" 일부 한국 네티즌 비난에 필리핀 네티즌 반발",17,2020-09-09 23:37,우리가 언제부터 잘살았냐? 50여년전엔 필리핀이 더잘살았다. 걔들이 장충체육관 지어줬다!,25,11
376,"""작고 무식"" 일부 한국 네티즌 비난에 필리핀 네티즌 반발",18,2020-09-09 23:37,욱일기는 반대지만 거기에 인종차별 발언은 왜 하는거냐? 그런말하는 그 사람이야말로 무식하고 천박하다..,13,0
377,"""작고 무식"" 일부 한국 네티즌 비난에 필리핀 네티즌 반발",19,2020-09-09 23:37,필리핀은 한국전쟁의 어려운 순간에 외면하지 않고 참전해준 고마운 나라이다.,13,0
378,"""작고 무식"" 일부 한국 네티즌 비난에 필리핀 네티즌 반발",20,2020-09-09 23:37,중국인들이 이효리씨 sns에 한짓이랑 뭐가 다르냐. 필리핀분들과 벨라님께 대신 사과드립니다.,13,2
379,"“우째 이런 일이 ㅠㅠ” 로또 주식 헐값에 판 카카오 공화국 …[헤럴드경제=채상우 기자] ""조금만 기다렸으면…대박 기회였는데 ㅠㅠ"" 카카오게임즈 자회사 엑스엘게임즈의 최관호 대표가 '…",1,2020-09-09 23:37,기자야 이게 정상적인 거래라고 생각하냐 공모가 이하로 팔았는데 이건 거이 증여수준인데?,82,2
380,"“우째 이런 일이 ㅠㅠ” 로또 주식 헐값에 판 카카오 공화국 …[헤럴드경제=채상우 기자] ""조금만 기다렸으면…대박 기회였는데 ㅠㅠ"" 카카오게임즈 자회사 엑스엘게임즈의 최관호 대표가 '…",2,2020-09-09 23:37,이건 거의 100% 증여일듯,47,1
381,"“우째 이런 일이 ㅠㅠ” 로또 주식 헐값에 판 카카오 공화국 …[헤럴드경제=채상우 기자] ""조금만 기다렸으면…대박 기회였는데 ㅠㅠ"" 카카오게임즈 자회사 엑스엘게임즈의 최관호 대표가 '…",3,2020-09-09 23:37,누구한테 팔았는지 정도까지는 확인 하셔야 뭔가 의미가....,37,2
382,"“우째 이런 일이 ㅠㅠ” 로또 주식 헐값에 판 카카오 공화국 …[헤럴드경제=채상우 기자] ""조금만 기다렸으면…대박 기회였는데 ㅠㅠ"" 카카오게임즈 자회사 엑스엘게임즈의 최관호 대표가 '…",4,2020-09-09 23:37,이젠 기자들도 국민들을 개돼지로 생각하네. 주식 가치에 대해 제대로 몰랐다고? 라 ㅋㅋㅋㅋ,26,2
383,"“우째 이런 일이 ㅠㅠ” 로또 주식 헐값에 판 카카오 공화국 …[헤럴드경제=채상우 기자] ""조금만 기다렸으면…대박 기회였는데 ㅠㅠ"" 카카오게임즈 자회사 엑스엘게임즈의 최관호 대표가 '…",5,2020-09-09 23:37,냄새가 난다. 주식가치를 몰랐다는것은 개구라일테고 지인에게 헐값에 넘겼겠지,16,0
384,"“우째 이런 일이 ㅠㅠ” 로또 주식 헐값에 판 카카오 공화국 …[헤럴드경제=채상우 기자] ""조금만 기다렸으면…대박 기회였는데 ㅠㅠ"" 카카오게임즈 자회사 엑스엘게임즈의 최관호 대표가 '…",6,2020-09-09 23:37,이기사 조만간 내려간다. 딱봐도 불법 증여네...,4,0
385,"“우째 이런 일이 ㅠㅠ” 로또 주식 헐값에 판 카카오 공화국 …[헤럴드경제=채상우 기자] ""조금만 기다렸으면…대박 기회였는데 ㅠㅠ"" 카카오게임즈 자회사 엑스엘게임즈의 최관호 대표가 '…",7,2020-09-09 23:37,카카오 들어오라 하세요,2,0
386,"“우째 이런 일이 ㅠㅠ” 로또 주식 헐값에 판 카카오 공화국 …[헤럴드경제=채상우 기자] ""조금만 기다렸으면…대박 기회였는데 ㅠㅠ"" 카카오게임즈 자회사 엑스엘게임즈의 최관호 대표가 '…",8,2020-09-09 23:37,누가봐도 증여지 ㅋㅋ 그리고 카카오 검색했을때 윤영찬 기사 내릴려는 헛수작 부리지마라ㅋㅋ 아! 네이버 윤영찬 실검 한번에 빠지는거 잘봤다,2,0
387,"“우째 이런 일이 ㅠㅠ” 로또 주식 헐값에 판 카카오 공화국 …[헤럴드경제=채상우 기자] ""조금만 기다렸으면…대박 기회였는데 ㅠㅠ"" 카카오게임즈 자회사 엑스엘게임즈의 최관호 대표가 '…",9,2020-09-09 23:37,대단하다...굳이 왜 받아쓰기한거지?,2,0
388,"“우째 이런 일이 ㅠㅠ” 로또 주식 헐값에 판 카카오 공화국 …[헤럴드경제=채상우 기자] ""조금만 기다렸으면…대박 기회였는데 ㅠㅠ"" 카카오게임즈 자회사 엑스엘게임즈의 최관호 대표가 '…",10,2020-09-09 23:37,카카오 80000원에 던진 나도 있는데 모...,1,0
389,"“우째 이런 일이 ㅠㅠ” 로또 주식 헐값에 판 카카오 공화국 …[헤럴드경제=채상우 기자] ""조금만 기다렸으면…대박 기회였는데 ㅠㅠ"" 카카오게임즈 자회사 엑스엘게임즈의 최관호 대표가 '…",11,2020-09-09 23:37,기자가 멕이는거네 증여 뒷까기,1,0
390,"“우째 이런 일이 ㅠㅠ” 로또 주식 헐값에 판 카카오 공화국 …[헤럴드경제=채상우 기자] ""조금만 기다렸으면…대박 기회였는데 ㅠㅠ"" 카카오게임즈 자회사 엑스엘게임즈의 최관호 대표가 '…",12,2020-09-09 23:37,소주한잔하고 잊어,1,0
391,"“우째 이런 일이 ㅠㅠ” 로또 주식 헐값에 판 카카오 공화국 …[헤럴드경제=채상우 기자] ""조금만 기다렸으면…대박 기회였는데 ㅠㅠ"" 카카오게임즈 자회사 엑스엘게임즈의 최관호 대표가 '…",13,2020-09-09 23:37,"서울대 경영학과 학사, 석사 하신 경영자가모회사의 주식 가치를 몰랐다는 건가요?사임하셔야 될듯.",0,0
392,"“우째 이런 일이 ㅠㅠ” 로또 주식 헐값에 판 카카오 공화국 …[헤럴드경제=채상우 기자] ""조금만 기다렸으면…대박 기회였는데 ㅠㅠ"" 카카오게임즈 자회사 엑스엘게임즈의 최관호 대표가 '…",14,2020-09-09 23:37,카카오게임은 그닥 아님?,0,0
393,"“우째 이런 일이 ㅠㅠ” 로또 주식 헐값에 판 카카오 공화국 …[헤럴드경제=채상우 기자] ""조금만 기다렸으면…대박 기회였는데 ㅠㅠ"" 카카오게임즈 자회사 엑스엘게임즈의 최관호 대표가 '…",15,2020-09-09 23:37,기자가멕이네 ㅋ,0,0
394,"“우째 이런 일이 ㅠㅠ” 로또 주식 헐값에 판 카카오 공화국 …[헤럴드경제=채상우 기자] ""조금만 기다렸으면…대박 기회였는데 ㅠㅠ"" 카카오게임즈 자회사 엑스엘게임즈의 최관호 대표가 '…",16,2020-09-09 23:37,과연 모르고 처분했을까?,0,0
395,"“우째 이런 일이 ㅠㅠ” 로또 주식 헐값에 판 카카오 공화국 …[헤럴드경제=채상우 기자] ""조금만 기다렸으면…대박 기회였는데 ㅠㅠ"" 카카오게임즈 자회사 엑스엘게임즈의 최관호 대표가 '…",17,2020-09-09 23:37,뭐야 장외주식 사서 헐값에 넘기면 증여세 떼먹을 수 있는거였음?,0,0
396,"“우째 이런 일이 ㅠㅠ” 로또 주식 헐값에 판 카카오 공화국 …[헤럴드경제=채상우 기자] ""조금만 기다렸으면…대박 기회였는데 ㅠㅠ"" 카카오게임즈 자회사 엑스엘게임즈의 최관호 대표가 '…",18,2020-09-09 23:37,이게 기사될 이야기인가?;;;;;,0,0
397,"“우째 이런 일이 ㅠㅠ” 로또 주식 헐값에 판 카카오 공화국 …[헤럴드경제=채상우 기자] ""조금만 기다렸으면…대박 기회였는데 ㅠㅠ"" 카카오게임즈 자회사 엑스엘게임즈의 최관호 대표가 '…",19,2020-09-09 23:37,미리 밑밥깔았는데 걸린 기사인가요~?,0,0
398,美제재에 어쩔 수 없어… 삼성·SK하이닉스도 화웨이에 반…,1,2020-09-09 23:37,중국은 일단 주저앉히고 시작해야 2020년 이후 세계가 편해진다.,158,5
399,美제재에 어쩔 수 없어… 삼성·SK하이닉스도 화웨이에 반…,2,2020-09-09 23:37,중국만 망하면 세계가 평안해짐. 우리나라도 물론이고 미국 일본 인도 호주 베트남 대만 모두 평화롭지,44,3
400,美제재에 어쩔 수 없어… 삼성·SK하이닉스도 화웨이에 반…,3,2020-09-09 23:37,문재앙 똥줄 타겠네 ㅋㅋ,39,12
401,美제재에 어쩔 수 없어… 삼성·SK하이닉스도 화웨이에 반…,4,2020-09-09 23:37,당연히 그래야지. 중국공산당은 무너져야 한다. 중국의 많은 소수민족이 당하는 고통은 이루 말할 수가 없다. 중국공산당이 무너져 중국도 소비에트공화국이 무너지고 많은 나라들이 독립했던 것처럼 나뉘어져야 한다.,29,3
402,美제재에 어쩔 수 없어… 삼성·SK하이닉스도 화웨이에 반…,5,2020-09-09 23:37,"잘했다 잘했어. 인간 같지도 않은 것들이 인간 세상에서 누릴 혜택을 악착같이 약탈하는 수준으로 누리려 하는데, 자유시장경제를 지켜야 할 일원으로서 저것들을 말라 죽여야 하는 것은 당연하지",21,5
403,美제재에 어쩔 수 없어… 삼성·SK하이닉스도 화웨이에 반…,6,2020-09-09 23:37,중국이랑 인도는 지도에서 지워졌으면 좋겠다.,2,0
404,美제재에 어쩔 수 없어… 삼성·SK하이닉스도 화웨이에 반…,7,2020-09-09 23:37,제발 중국만 꼭 사라지길....우한폐렴 때문에 미치겠다,2,1
405,美제재에 어쩔 수 없어… 삼성·SK하이닉스도 화웨이에 반…,8,2020-09-09 23:37,삼성 엘지 짱짱짱,2,1
406,美제재에 어쩔 수 없어… 삼성·SK하이닉스도 화웨이에 반…,9,2020-09-09 23:37,전쟁이 시작되겠군.,1,0
407,美제재에 어쩔 수 없어… 삼성·SK하이닉스도 화웨이에 반…,10,2020-09-09 23:37,이 기사도 마음에 안들면 네이버 들어오라고 할텐데 ㅋㅋㅋ,1,0
408,美제재에 어쩔 수 없어… 삼성·SK하이닉스도 화웨이에 반…,11,2020-09-09 23:37,언젠가 우리가 해야 할 선택이다.중국이 세계를 향한 야욕을 버리지 않는 한 마땅한 범지구적 제어 조처가 뒤 따라야 한다.시 주석이 자랑하는 저 공산당의 본질은 100년 전이나 향후 100년 후나 똑 같다.그의 개인적인 야심은 세계를 통제하는 것이므로 그 어떤 가면 미소 전략에도 속으면 안된다. 저 아프리카 국가들 처럼 중국의 손바닥 위에서 놀아 나기를 원 하는가?중국 공산당은 시민의 자유와 권리는 당의 것이라는 논리다.,1,0
409,美제재에 어쩔 수 없어… 삼성·SK하이닉스도 화웨이에 반…,12,2020-09-09 23:37,주식 떨어지는 소리 들린다,1,0
410,美제재에 어쩔 수 없어… 삼성·SK하이닉스도 화웨이에 반…,13,2020-09-09 23:37,잘 하고 있네 !!,1,0
411,美제재에 어쩔 수 없어… 삼성·SK하이닉스도 화웨이에 반…,14,2020-09-09 23:37,유플러스는?,1,0
412,美제재에 어쩔 수 없어… 삼성·SK하이닉스도 화웨이에 반…,15,2020-09-09 23:37,미국 한마디에 판매할수도 없는 실정...ㅋㅋㅋ 정말 비참한 현실이구만,2,2
413,美제재에 어쩔 수 없어… 삼성·SK하이닉스도 화웨이에 반…,16,2020-09-09 23:37,중국고립 찬성,0,0
414,美제재에 어쩔 수 없어… 삼성·SK하이닉스도 화웨이에 반…,17,2020-09-09 23:37,당연하지,0,0
415,美제재에 어쩔 수 없어… 삼성·SK하이닉스도 화웨이에 반…,18,2020-09-09 23:37,재앙이가 몹시 싫어할텐데...,0,0
416,삼성디지털프라자 찾아온 손님…알고보니 이재용 부회장,1,2020-09-09 23:37,이재용 대통령 님 수고 많으십니다. 쇼통령 삶은 소대가리 문쩝쩝이 가 망쳐놓은 한국 경제를 살려 주세요. 부탁드립니다. 이재용 대통령 님 힘내세요. 이재용 대통령 님 화이팅,3082,564
417,삼성디지털프라자 찾아온 손님…알고보니 이재용 부회장,2,2020-09-09 23:37,대통령해도 잘할듯.. 조용한데 날칸롭고. 친근한데 카리스마있고... 어설픈 정치인들보다 잘해나갈듯,1799,104
418,삼성디지털프라자 찾아온 손님…알고보니 이재용 부회장,3,2020-09-09 23:37,개똥같은 정부아래 기업운영 하시다고 진심 고생많이 하시네용~~전 삼성을 응원합니다 고맙습니다 감사합니다!!,983,61
419,삼성디지털프라자 찾아온 손님…알고보니 이재용 부회장,4,2020-09-09 23:37,현장관리를 진짜로 하네요.이 분이 뭐라고 해도 우리나라의 경제대통령이시다ᆢ,705,40
420,삼성디지털프라자 찾아온 손님…알고보니 이재용 부회장,5,2020-09-09 23:37,직원 : 놀래라,340,5
421,삼성디지털프라자 찾아온 손님…알고보니 이재용 부회장,6,2020-09-09 23:37,무소속으로 대선출마해서 경제살리겠다고하면 돌풍일으킬듯,151,5
422,삼성디지털프라자 찾아온 손님…알고보니 이재용 부회장,7,2020-09-09 23:37,"이재용 삼성부회장님 자랑스럽습니다. 이번에 채용 4만명 공약도 지키셨다면서요. 진짜 코로나 취업난에 감동 또 감동입니다. 정부가 기업을 괴롭히고 힘들게 해도, 꼭 대한민국의 경제와 생태계를 지켜주세요. 감사합니다. 응원합니다.",130,4
423,삼성디지털프라자 찾아온 손님…알고보니 이재용 부회장,8,2020-09-09 23:37,"지금 보면 삼성 아님 우리나라 진작 쪽박찼을 거 같은데, 이 정권은 재벌 죽이려고 그렇게들 난리였지. 그래서 엄청 청렴한가보구나 했더니 그게 아냐. 돈을 남이 가진게 배가 아팠을 뿐이었어. 지들은 무슨 편법을 써도 돈을 긁어모아, 일반인도 왠만하면 치사해서 안할 방법 다 동원해서.",129,3
424,삼성디지털프라자 찾아온 손님…알고보니 이재용 부회장,9,2020-09-09 23:37,저 어깨가 얼마나 무거울까 누구보다 많은걸 누리겠지만 그 책임감 역시 남다를것같다. 열일하는 세계기업삼성의 수장 멋집니다! 화이팅!!,95,4
425,삼성디지털프라자 찾아온 손님…알고보니 이재용 부회장,10,2020-09-09 23:37,이재용 부회장님!! 화이팅하세요.국민들이 지켜줄께요. 세계 1위 삼성전자 영원하라~~👍👍👍,74,3
426,삼성디지털프라자 찾아온 손님…알고보니 이재용 부회장,11,2020-09-09 23:37,이재용보니 눈이 정화됨. 문재인 추미애 이낙연 이재명은 얼굴이 못생겨서 뭘해두 비호감인데,61,2
427,삼성디지털프라자 찾아온 손님…알고보니 이재용 부회장,12,2020-09-09 23:37,재앙이보다 100만배 훌륭하고 애국하네. 조금만 참고 재앙이 정권이 끝날 때까지 버텨아죠. 존버,52,4
428,삼성디지털프라자 찾아온 손님…알고보니 이재용 부회장,13,2020-09-09 23:37,대통령보다 고생많으신분.이 나라에서 이정도 기업운영 얼마나 힘들까..,37,1
429,삼성디지털프라자 찾아온 손님…알고보니 이재용 부회장,14,2020-09-09 23:37,기업운영에만 몰두하지 않고 여러 경제를 살릴려고 노력하는 모습이 정말 보기 좋고 높은 위치에 있어도 거만하지 않고 현장관리까지 하는 것에 정말 대단하고 존경합니다.,36,1
430,삼성디지털프라자 찾아온 손님…알고보니 이재용 부회장,15,2020-09-09 23:37,무소속 대선출마 지지합니다,30,2
431,삼성디지털프라자 찾아온 손님…알고보니 이재용 부회장,16,2020-09-09 23:37,삼성 응원합니다,28,0
432,삼성디지털프라자 찾아온 손님…알고보니 이재용 부회장,17,2020-09-09 23:37,이재용이 우리 대한민국 대통령이이라면 ㅡ 지금처럼 공산국가로 전락하거나 망하지는 않았을텐데,27,2
433,삼성디지털프라자 찾아온 손님…알고보니 이재용 부회장,18,2020-09-09 23:37,문재인한테나 미리 한달전부터 전통시장 간다고 공지띄우고 상인 코스프프레할 대깨문 연기자 들이나 동원하지나 마라고 전해 이재용이가 하는 쇼가 10정도면 니네는 못해도 2만은 넘어보여 구라치는 정도가.,28,4
434,삼성디지털프라자 찾아온 손님…알고보니 이재용 부회장,19,2020-09-09 23:37,응원합니다! 저런 범죄집단 패거리들이 정권을 잡았다고 나대는 꼴들이 아주 가관입니다! 저들이야말로 적폐집단들입니다!,25,2
435,삼성디지털프라자 찾아온 손님…알고보니 이재용 부회장,20,2020-09-09 23:37,진정 멋지다 실제로도 보니 훈훈하니 멋지더라~ 화이팅 항상 응원합니다!!!,24,1
436,"[이슈IN] 카페에 갔을 뿐인데…""술 사주겠다""는 문자가 왔…",1,2020-09-09 23:37,살다살다 미친사람 다보네...,204,2
437,"[이슈IN] 카페에 갔을 뿐인데…""술 사주겠다""는 문자가 왔…",2,2020-09-09 23:37,군대 다녀왔고 4년제 직장인10년이면 한 36살 되는거같은데 저 나이먹고 상황파악 못하네. 눈치가 ㅈㄴ없나. 연락처 몰래 알아내서 전화하면 그게 인연이냐 븅 ㅋㅋㅋㅋㅋ 당당한게 개웃기네,164,1
438,"[이슈IN] 카페에 갔을 뿐인데…""술 사주겠다""는 문자가 왔…",3,2020-09-09 23:37,강하게 처벌해야 한다,39,1
439,"[이슈IN] 카페에 갔을 뿐인데…""술 사주겠다""는 문자가 왔…",4,2020-09-09 23:37,저럴줄 아라따...악용하는 자들은 무조건 징역때리고 명부는 모두 국가에서 회수하라!,25,1
440,"[이슈IN] 카페에 갔을 뿐인데…""술 사주겠다""는 문자가 왔…",5,2020-09-09 23:37,그런거 양심적으로 보지 맙시다..ㅜ남의 개인정보고 보여주기 싫어도 어쩔수없이 보는건데..외우지마세요ㅜ진짜 당하는사람은 어이없고 짜증나고 무서워요이렇게 양심없이 하지마세요 제발!!,18,0
441,"[이슈IN] 카페에 갔을 뿐인데…""술 사주겠다""는 문자가 왔…",6,2020-09-09 23:37,"아니 카페에서 보고 예뻐서 반했으면 직접 말을 걸어보든가 하지, 뭔 음흉하게 코로나 명부보고 전화번호 저장해서 연락을 하냐? 남자가 봐도 소름끼치네.",14,1
442,"[이슈IN] 카페에 갔을 뿐인데…""술 사주겠다""는 문자가 왔…",7,2020-09-09 23:37,고소 철회하라는 문자가 은근하게 불안감 조성하면서 협박조네. 누가 잘못했는지 사리판단도 못하고 있구만.처벌받아야 정신차리지.,9,0
443,"[이슈IN] 카페에 갔을 뿐인데…""술 사주겠다""는 문자가 왔…",8,2020-09-09 23:37,4년제나오고 직장경력 10년차면 결혼까지 했겠네ㅋㅋㅋ,5,0
444,"[이슈IN] 카페에 갔을 뿐인데…""술 사주겠다""는 문자가 왔…",9,2020-09-09 23:37,외롭다고 모르는사람에게 문자질하고 만나자는것도있네미쳤다 정상이아닌듯 되려당당하게 따지는것보니 돌았네,5,0
445,"[이슈IN] 카페에 갔을 뿐인데…""술 사주겠다""는 문자가 왔…",10,2020-09-09 23:37,이렇게 다시 연락해서 협박하는 경우 중범죄로 다스려야 해요,5,1
446,"[이슈IN] 카페에 갔을 뿐인데…""술 사주겠다""는 문자가 왔…",11,2020-09-09 23:37,확실히.. 명부는 남이 볼 수 없도록 가려두는 것이 필요해보이네요,4,0
447,"[이슈IN] 카페에 갔을 뿐인데…""술 사주겠다""는 문자가 왔…",12,2020-09-09 23:37,너는 과대 망상증 환자다. 거울을 보렴 ㅋㅋ,11,9
448,"[이슈IN] 카페에 갔을 뿐인데…""술 사주겠다""는 문자가 왔…",13,2020-09-09 23:37,저녀석은 큰 범죄자가 될 인물이다. 4년제대학을 나와서 10년자 직장인이 저따구 생각을 가지고 있다면 미리 범죄자 리스트에 올려놓아라. 저 머리로 직장생활은 어떻게 하며. 당췌.,3,1
449,"[이슈IN] 카페에 갔을 뿐인데…""술 사주겠다""는 문자가 왔…",14,2020-09-09 23:37,"'대한민국 남자'라는 말을, 위험한 시국에 동선 협조를 위해 쓴 연락처를 무단으로 취해 만나자고 문자를 보냈다는 데에 쓸 말이냐?",2,0
450,"[이슈IN] 카페에 갔을 뿐인데…""술 사주겠다""는 문자가 왔…",15,2020-09-09 23:37,정신 좀 차려라. 이건 남녀의 문제가 아니다.,2,0
451,"[이슈IN] 카페에 갔을 뿐인데…""술 사주겠다""는 문자가 왔…",16,2020-09-09 23:37,범죄자가 대한민국 남자 들먹이지 않았으면...,2,0
452,"[이슈IN] 카페에 갔을 뿐인데…""술 사주겠다""는 문자가 왔…",17,2020-09-09 23:37,수기방법을 바꾸는게좋을듯 합니다 견출지같은 거에 적고 떼어서다음사람이볼수없도록떼서 옮기는게 어떨까요 적으면서도 사실 바로위에보여서 걱정되고제꺼누가볼까 찝찝 하기도 했거든요,2,0
453,"[이슈IN] 카페에 갔을 뿐인데…""술 사주겠다""는 문자가 왔…",18,2020-09-09 23:37,업체도 처벌해야 한다명부관리를 못 했으니..,1,0
454,"[이슈IN] 카페에 갔을 뿐인데…""술 사주겠다""는 문자가 왔…",19,2020-09-09 23:37,코로나 명부 훔쳐본 게 인연이니 술먹자니ㅋㅋㅋ 인연도 풍년이다ㅋㅋㅋㅋㅋㅋㅋㅋㅋㅋ,1,0
455,"[이슈IN] 카페에 갔을 뿐인데…""술 사주겠다""는 문자가 왔…",20,2020-09-09 23:37,갑자기 외롭다는 건 뭐고 대한민국 남자는 왜 나와... 첫 문자에서도 협박에 가까운 사과도 뽕맞은 것 같은 정신상태는 차치하고서라도 '걍 한번 놀아보고 싶었을 뿐인데 니가 감히?' 라는 사고방식이 읽히네. 신고까지 할 필요는 없지않나 생각되는 건 최소한 내용이라도 정상적이었을 때의 얘기.,1,0
456,"‘갤S20’, 재고떨이 ‘갤노트10’보다 더 싸졌다! [IT선빵!]",1,2020-09-09 23:37,"그놈의 실구매가 ㅋㅋㅋ월 13만원짜리 요금제를 써야 휴대폰 실구매가가 61만원으로 떨어지는데, 단순 계산해봐도 결국 월 15만원이 넘는 요금을 내야 하잖아요? 결국 같은 말인데 그걸로 눈속임하지 마세요 좀",72,4
457,"‘갤S20’, 재고떨이 ‘갤노트10’보다 더 싸졌다! [IT선빵!]",2,2020-09-09 23:37,광고 마찌요?,14,0
458,"‘갤S20’, 재고떨이 ‘갤노트10’보다 더 싸졌다! [IT선빵!]",3,2020-09-09 23:37,120~130 만원이 뉘집 개이름이냐?,6,2
459,"‘갤S20’, 재고떨이 ‘갤노트10’보다 더 싸졌다! [IT선빵!]",4,2020-09-09 23:37,5g 요금제 조정이나 해라 뉘미 국민들 상대로 방통위 통신사 제조사 조직적인 사기 집단이네,4,0
460,"‘갤S20’, 재고떨이 ‘갤노트10’보다 더 싸졌다! [IT선빵!]",5,2020-09-09 23:37,에효.... 기사에서 이런내용이 그럴싸하게 나오면 이건 광고지 기사인가?,2,0
461,"‘갤S20’, 재고떨이 ‘갤노트10’보다 더 싸졌다! [IT선빵!]",6,2020-09-09 23:37,갤s20 울트라 말고 기본 버전은 보면볼수록 이쁘던데,2,1
462,"‘갤S20’, 재고떨이 ‘갤노트10’보다 더 싸졌다! [IT선빵!]",7,2020-09-09 23:37,ㅋㅋㅋ자급제사서 알뜰폰써라...개이득이다,1,0
463,"‘갤S20’, 재고떨이 ‘갤노트10’보다 더 싸졌다! [IT선빵!]",8,2020-09-09 23:37,요금제 ... 아주... 그냥... 개...네..,1,0
464,"‘갤S20’, 재고떨이 ‘갤노트10’보다 더 싸졌다! [IT선빵!]",9,2020-09-09 23:37,덮석 물었다간 눈물 콧물 다 빼고 호구로 뒤로 나자빠진다.ㅋ,1,0
465,"‘갤S20’, 재고떨이 ‘갤노트10’보다 더 싸졌다! [IT선빵!]",10,2020-09-09 23:37,공시랑 약정이랑 비교를 해줘야지. 기레기야.,1,0
466,"‘갤S20’, 재고떨이 ‘갤노트10’보다 더 싸졌다! [IT선빵!]",11,2020-09-09 23:37,솔직히 아이폰의 가치는 천천히 떨어지는데 갤럭시는 2년만 쓰면 가치가 너무 너무 훅 떨어진다..,1,1
467,"‘갤S20’, 재고떨이 ‘갤노트10’보다 더 싸졌다! [IT선빵!]",12,2020-09-09 23:37,"단통법 있으나 없으나 ""호구 한명만 걸려라""... 는 똑 같네",1,1
468,"‘갤S20’, 재고떨이 ‘갤노트10’보다 더 싸졌다! [IT선빵!]",13,2020-09-09 23:37,그래도안사,0,0
469,"‘갤S20’, 재고떨이 ‘갤노트10’보다 더 싸졌다! [IT선빵!]",14,2020-09-09 23:37,기계값이문제가 아니고 요금제가 문제인듯,0,0
470,"‘갤S20’, 재고떨이 ‘갤노트10’보다 더 싸졌다! [IT선빵!]",15,2020-09-09 23:37,응 안사,0,0
471,"‘갤S20’, 재고떨이 ‘갤노트10’보다 더 싸졌다! [IT선빵!]",16,2020-09-09 23:37,이제 기계욕심없다 제발 몇백해도되니까 작고 튼튼하게만들어줘 전화많이쓰는데 주머니넣기에도 크고 아이폰은 죽어도쓰기싫고 제발 딱 갤2크기로 만들어줘..200해도 살께,0,0
472,"‘갤S20’, 재고떨이 ‘갤노트10’보다 더 싸졌다! [IT선빵!]",17,2020-09-09 23:37,싸진다는건 출고가를 낮추는거 말고는 다 말장난이라는 것을 이제 사람들은 다 아는데 말이야 기지야^^ 돈받았니?,0,0
473,"‘갤S20’, 재고떨이 ‘갤노트10’보다 더 싸졌다! [IT선빵!]",18,2020-09-09 23:37,통신사가 재고가 많은가보다..자급제를 내려야 삼성은 돈버는거다.,0,0
474,"‘갤S20’, 재고떨이 ‘갤노트10’보다 더 싸졌다! [IT선빵!]",19,2020-09-09 23:37,한국은 뭐든 복잡해!,0,0
475,"‘갤S20’, 재고떨이 ‘갤노트10’보다 더 싸졌다! [IT선빵!]",20,2020-09-09 23:37,정책의 배신에 이어 삼성의 배신...,0,0
